-50.55555555555556,-56.2,-77.33333333333333,-61.22222222222222,-77.125,-78.125,-75,-77.59999999999999,-88.40000000000001,-91.8,100,-91,100,100,100,100,100,100,100,100,100,100,100,100,100,100,100,-89.5
-49.88888888888889,-56.5,-77.44444444444444,-61.44444444444444,-77.625,-77.875,-74.59999999999999,-77.3,-88.5,-91.8,100,-91,100,100,100,100,100,100,100,100,100,100,100,100,100,100,100,-89.5
-49.7,-56.2,-77.55555555555556,-61.4,-77.55555555555556,-78,-74.3,-78.09999999999999,-88.5,-91.8,-95,-91,100,100,100,100,100,100,100,100,100,100,100,100,100,100,100,-88
-49.7,-56.1,-77.66666666666667,-61.3,-77.77777777777777,-78,-73.8,-78.7,-88.5,-91.75,-95,-91,100,100,100,100,100,100,100,100,100,100,100,100,100,100,100,-88
-49.8,-55.7,-77,-63.4,-77.88888888888889,-77.85714285714286,-74,-78.40000000000001,-88.09999999999999,-91.75,-94,-91,100,100,100,100,100,100,100,100,100,100,100,100,100,100,100,100
-50,-55.6,-76.88888888888889,-63.4,-77.66666666666667,-77.85714285714286,-74.7,-78.2,-88,-91.8,-94,-90,100,100,100,100,100,100,100,100,100,100,100,100,100,100,100,100
-49.77777777777778,-55.7,-76.7,-63.2,-77.7,-78,-74.3,-77.2,-88.40000000000001,-91.8,-94,-90,100,100,100,100,100,100,100,100,100,100,100,100,100,100,100,100
-49.44444444444444,-55.5,-76.7,-63.2,-77.5,-79.14285714285714,-74.5,-77.2,-88.59999999999999,-91.75,-94,-89.66666666666667,100,100,100,100,100,100,100,100,100,100,100,100,100,100,100,100
-48.88888888888889,-55.5,-77,-63.2,-77.5,-79.14285714285714,-74.59999999999999,-77.55555555555556,-88.7,-91.66666666666667,-94,-90,100,100,100,100,100,100,100,100,100,100,100,100,100,100,100,100
-48.66666666666666,-55.6,-77.09999999999999,-63.3,-77.40000000000001,-79.14285714285714,-74.3,-77.44444444444444,-88.8,-91,-94,-90,100,100,100,100,100,100,100,100,100,100,100,100,100,100,100,100
-53.33333333333334,-50.2,-77.8,-68.77777777777777,-70.44444444444444,-80,-69.3,-82.55555555555556,-89.75,100,100,-91.75,100,100,100,100,100,100,100,100,100,100,100,100,100,100,100,100
-53.3,-50.1,-77.59999999999999,-68.66666666666667,-69.88888888888889,-80,-69.59999999999999,-82.55555555555556,-89.5,100,100,-91.75,100,100,100,100,100,100,100,100,100,100,100,100,100,100,100,100
-53,-50.4,-77.7,-68.66666666666667,-69.88888888888889,-80.66666666666667,-69.90000000000001,-82.90000000000001,-89.375,100,100,-91.5,100,100,100,100,100,100,100,100,100,100,100,100,100,100,100,100
-52.3,-50.4,-77.88888888888889,-68.55555555555556,-70,-81,-69.7,-82.90000000000001,-89.125,100,100,-91.40000000000001,100,100,100,100,100,100,100,100,100,100,100,100,100,100,100,100
-52.7,-50.3,-78,-68.55555555555556,-70.2,-80.8,-67.8,-82.8,-89.11111111111111,100,100,-91.40000000000001,100,100,100,100,100,100,100,100,100,100,100,100,100,100,100,100
-53.5,-49.7,-78.22222222222223,-68.11111111111111,-70.2,-80.8,-65.90000000000001,-82.2,-89.11111111111111,100,100,-91.25,100,100,100,100,100,100,100,100,100,100,100,100,100,100,100,100
-54.3,-49.4,-78.66666666666667,-68.11111111111111,-70.2,-80.8,-66.5,-82.2,-89.33333333333333,100,100,-91.2,100,100,100,100,100,100,100,100,100,100,100,100,100,100,100,100
-55.1,-49.2,-78.88888888888889,-67.88888888888889,-70.22222222222223,-81,-66.8,-82.33333333333333,-89.55555555555556,-90,100,-91.25,100,100,100,100,100,100,100,100,100,100,100,100,100,100,100,100
-55.7,-48.9,-78.88888888888889,-67.59999999999999,-70.33333333333333,-81.40000000000001,-66.3,-82.11111111111111,-89.7,-90,100,-91.25,100,100,100,100,100,100,100,100,100,100,100,100,100,100,100,100
-55.3,-48.5,-78.33333333333333,-68,-70.66666666666667,-81.75,-66.7,-82.22222222222223,-89.40000000000001,-90,-91,-91.25,100,100,100,100,100,100,100,100,100,100,100,100,100,100,100,100
-54.55555555555556,-47.5,-78.44444444444444,-66.3,-77.2,-80.66666666666667,-65.5,-75.59999999999999,-88,-92.5,100,-91.2,100,100,100,100,100,100,100,100,100,100,100,100,100,100,100,100
-54.33333333333334,-47.7,-78.33333333333333,-65.3,-77.7,-80.66666666666667,-65,-75.2,-87.40000000000001,-93,100,-91,100,100,100,100,100,100,100,100,100,100,100,100,100,100,100,100
-54,-48,-78.11111111111111,-64.40000000000001,-78.09999999999999,-80.66666666666667,-65.09999999999999,-75.2,-87,-93,100,-91,100,100,100,100,100,100,100,100,100,100,100,100,100,100,100,-83
-53.11111111111111,-48.2,-77.875,-63.7,-78.40000000000001,-80.5,-65.3,-75,-87.09999999999999,-92.66666666666667,100,-91,100,100,100,100,100,100,100,100,100,100,100,100,100,100,100,-83
-53.44444444444444,-48,-77.875,-63.2,-78.59999999999999,-80.66666666666667,-65.09999999999999,-74.8,-86.8,-92.66666666666667,100,-90.75,100,100,100,100,100,100,100,100,100,100,100,100,100,100,100,-83
-54,-47.5,-77.875,-63.4,-78.8,-80.66666666666667,-65.7,-74.7,-86.90000000000001,-92.66666666666667,100,-90.33333333333333,100,100,100,100,100,100,100,100,100,100,100,100,100,100,100,-83
-53.4,-47.2,-77.42857142857143,-63.8,-79,-80.5,-64.90000000000001,-74.8,-87,-92.66666666666667,100,-90.33333333333333,100,100,100,100,100,100,100,100,100,100,100,100,100,100,100,-83
-52.9,-47.5,-77,-64.09999999999999,-79,-80.2,-64.8,-74.40000000000001,-87.3,-92.66666666666667,100,-90.33333333333333,100,100,100,100,100,100,100,100,100,100,100,100,100,100,100,-83
-52.55555555555556,-48,-76.85714285714286,-63.33333333333334,-79.11111111111111,-79.8,-63.6,-74.09999999999999,-87.11111111111111,-92.66666666666667,100,-90.25,100,100,100,100,100,100,100,100,100,100,100,100,100,100,100,-83
-52.33333333333334,-48.1,-76.75,-64.22222222222223,-79,-79.66666666666667,-63.2,-74.2,-87.22222222222223,-92.66666666666667,100,-90.25,100,100,100,100,100,100,100,100,100,100,100,100,100,100,100,-83.5
-53.875,-52.1,-78.7,-62.55555555555556,-78.5,-76.40000000000001,-71.7,-72,-86.44444444444444,-94.25,100,-90.75,100,100,100,100,100,100,100,100,100,100,100,100,100,100,100,-87
-53.75,-52.6,-78.3,-64,-78.7,-76.25,-71.2,-72.55555555555556,-86.55555555555556,-94,100,-90.33333333333333,100,100,100,100,100,100,100,100,100,100,100,100,100,100,100,-87
-54.625,-52.1,-78.5,-64.88888888888889,-78.90000000000001,-76.33333333333333,-71.3,-72.88888888888889,-87.22222222222223,-94.66666666666667,100,-90.33333333333333,100,100,100,100,100,100,100,100,100,100,100,100,100,100,100,-88
-54.88888888888889,-51.8,-77.5,-64.09999999999999,-78.90000000000001,-76,-71.2,-72.88888888888889,-87.66666666666667,-94.66666666666667,100,-90.75,100,100,100,100,100,100,100,100,100,100,100,100,100,100,100,-88.16666666666667
-54.88888888888889,-50.8,-78,-64.3,-78.90000000000001,-76,-70.90000000000001,-73,-87.88888888888889,-94.66666666666667,100,-90.75,100,100,100,100,100,100,100,100,100,100,100,100,100,100,100,-88.2
-54.77777777777778,-50.8,-77.59999999999999,-64,-78.7,-76,-71.3,-73.22222222222223,-87.88888888888889,-94.66666666666667,100,-91,100,100,100,100,100,100,100,100,100,100,100,100,100,100,100,-88.2
-54.44444444444444,-51.8,-77,-63.7,-78.55555555555556,-76,-71.5,-73,-88.33333333333333,-94.66666666666667,100,-91,100,100,100,100,100,100,100,100,100,100,100,100,100,100,100,-88
-53.22222222222222,-51.7,-76.59999999999999,-63.5,-78.66666666666667,-75,-70.90000000000001,-72.90000000000001,-87.77777777777777,-94.5,100,-90.66666666666667,100,100,100,100,100,100,100,100,100,100,100,100,100,100,100,-88
-52.9,-51.2,-76.2,-63.4,-78.55555555555556,-75,-70.90000000000001,-72.77777777777777,-87.5,-94.5,100,-90.66666666666667,100,100,100,100,100,100,100,100,100,100,100,100,100,100,100,-89
-53.6,-51,-76.09999999999999,-63.7,-78.22222222222223,-75,-70.90000000000001,-72.66666666666667,-87.40000000000001,-93,100,-90.5,100,100,100,100,100,100,100,100,100,100,100,100,100,100,100,-89.66666666666667
-55.9,-52.9,-77.5,-58.5,-77.625,-79.2,-63.4,-71.8,-84.88888888888889,100,100,-91,-92.42857142857143,100,100,100,100,100,100,100,100,100,100,100,100,100,100,-82
-55.1,-52.5,-77.66666666666667,-58.22222222222222,-77.66666666666667,-79.16666666666667,-63.4,-72,-84.88888888888889,100,100,-91,-93,100,100,100,100,100,100,100,100,100,100,100,100,100,100,-82.44444444444444
-54.88888888888889,-52.4,-77.55555555555556,-59.11111111111111,-77.77777777777777,-79,-63.4,-72,-85,-93,100,-91,-92.59999999999999,100,100,100,100,100,100,100,100,100,100,100,100,100,100,-82.22222222222223
-54.5,-52.4,-77.44444444444444,-59.88888888888889,-77.875,-78.85714285714286,-63.6,-72,-85.11111111111111,-94,100,-90.75,-92.16666666666667,100,100,100,100,100,100,100,100,100,100,100,100,100,100,-82.66666666666667
-54.375,-52.5,-76.88888888888889,-60,-78.25,-78.85714285714286,-64,-72,-85.11111111111111,-94,100,-90.75,-92.16666666666667,100,100,100,100,100,100,100,100,100,100,100,100,100,100,-82.625
-55,-52.6,-76.66666666666667,-58.88888888888889,-78.25,-78.875,-61.6,-72.09999999999999,-85,-93.66666666666667,100,-91,-92,100,100,100,100,100,100,100,100,100,100,100,100,100,100,-83.125
-55.5,-53,-76.55555555555556,-58.7,-78,-78.85714285714286,-63.6,-71.90000000000001,-85,-93.66666666666667,100,-90.5,-91.75,100,100,100,100,100,100,100,100,100,100,100,100,100,100,-83.25
-56.625,-53.6,-76.33333333333333,-57.8,-78.25,-79.14285714285714,-63.5,-72.40000000000001,-84.7,-93.66666666666667,100,-90.33333333333333,-91.75,100,100,100,100,100,100,100,100,100,100,100,100,100,100,-83
-57,-53.8,-76,-58.11111111111111,-78.11111111111111,-79.14285714285714,-63.9,-72.5,-85,-93.66666666666667,100,-90.33333333333333,-92.33333333333333,100,100,100,100,100,100,100,100,100,100,100,100,100,100,-83.25
-57,-53.8,-75.88888888888889,-58.66666666666666,-78.44444444444444,-78.57142857142857,-63.9,-72.59999999999999,-84.90000000000001,-93.66666666666667,100,-90.5,-91.66666666666667,100,100,100,100,100,100,100,100,100,100,100,100,100,100,-83.625
-59.2,-55,-76.09999999999999,-54.9,-81.2,-71.2,-69.77777777777777,-74.59999999999999,-86.2,100,100,-88.33333333333333,-91.5,100,100,100,100,100,100,100,100,100,100,100,100,100,100,-80.59999999999999
-59.1,-53.88888888888889,-76.3,-54.66666666666666,-81.40000000000001,-71.33333333333333,-69.55555555555556,-74.5,-86.09999999999999,-94,100,-88,-93,100,100,100,100,100,100,100,100,100,100,100,100,100,100,-80.5
-59.33333333333334,-52.88888888888889,-76.09999999999999,-54.875,-81.40000000000001,-71.5,-69.55555555555556,-73.90000000000001,-85.8,-94,100,-88,-93,100,100,100,100,100,100,100,100,100,100,100,100,100,100,-80.66666666666667
-59.22222222222222,-52.77777777777778,-75.7,-54.75,-81.40000000000001,-71.59999999999999,-69.44444444444444,-74.40000000000001,-85.8,-94,100,-88,-93,100,100,100,100,100,100,100,100,100,100,100,100,100,100,-80.66666666666667
-58.55555555555556,-53.22222222222222,-75.09999999999999,-55.125,-81,-72.40000000000001,-69.22222222222223,-74.2,-85.5,-93.66666666666667,100,100,-93,100,100,100,100,100,100,100,100,100,100,100,100,100,100,-80.40000000000001
-57.88888888888889,-53.66666666666666,-74.8,-55.375,-80.90000000000001,-72.40000000000001,-69.09999999999999,-74.09999999999999,-85.3,-93.66666666666667,100,-88,-92,100,100,100,100,100,100,100,100,100,100,100,100,100,100,-80.33333333333333
-57.77777777777778,-54.11111111111111,-74.2,-55.75,-80.59999999999999,-72.40000000000001,-69.59999999999999,-73.7,-84.90000000000001,-93.66666666666667,100,-88.5,-92,100,100,100,100,100,100,100,100,100,100,100,100,100,100,-80.5
-57.55555555555556,-53.22222222222222,-74,-56.125,-80.5,-72.59999999999999,-69.5,-73.40000000000001,-84.5,-93.75,100,-89.66666666666667,-91.75,100,100,100,100,100,100,100,100,100,100,100,100,100,100,-80.57142857142857
-58.22222222222222,-53,-74.09999999999999,-56.375,-80.2,-72.59999999999999,-69.40000000000001,-73.2,-84.2,-93.75,100,-90.25,-91.75,100,100,100,100,100,100,100,100,100,100,100,100,100,100,-80.57142857142857
-59,-53,-74.59999999999999,-56.625,-80.90000000000001,-72.16666666666667,-69.8,-72.8,-84.3,-93.75,100,-89.40000000000001,-91.75,100,100,100,100,100,100,100,100,100,100,100,100,100,100,-80.14285714285714
-61.3,-57.5,-75,-59.9,-81.2,-70.66666666666667,-73.5,-67.375,-85.2,100,100,-91.5,-87.5,100,100,100,100,100,100,100,100,100,100,100,100,100,100,-85.85714285714286
-61.4,-57.8,-74.75,-60.3,-80.90000000000001,-70.59999999999999,-73.3,-67.625,-85.59999999999999,100,100,-91.33333333333333,-87.40000000000001,100,100,100,100,100,100,100,100,100,100,100,100,100,100,-85.5
-61.6,-54.9,-75.375,-59.9,-81.3,-70,-74.5,-67.5,-85.40000000000001,-93,100,-91.25,-87.59999999999999,100,100,100,100,100,100,100,100,100,100,100,100,100,100,-84.33333333333333
-61.7,-54.1,-75.375,-59.3,-81.5,-69.59999999999999,-74.8,-67.375,-85.5,-93,100,-91.40000000000001,-87.59999999999999,100,100,100,100,100,100,100,100,100,100,100,100,100,100,-84.14285714285714
-61.7,-53.3,-75.11111111111111,-59,-81.5,-69.59999999999999,-74.2,-66.875,-84.8,-93,100,-91.40000000000001,-87.75,100,100,100,100,100,100,100,100,100,100,100,100,100,100,-84.14285714285714
-61.8,-53.4,-74.88888888888889,-59,-81.44444444444444,-69.25,-74.09999999999999,-66.875,-84.7,-93,100,-91.2,-88.25,100,100,100,100,100,100,100,100,100,100,100,100,100,100,-84.42857142857143
-63,-54.1,-75.09999999999999,-59.11111111111111,-81.22222222222223,-69.25,-74.2,-67.875,-84.77777777777777,-93,100,-91.2,-88.8,100,100,100,100,100,100,100,100,100,100,100,100,100,100,-84.42857142857143
-62.7,-54.6,-75,-59.77777777777778,-81.66666666666667,-69.25,-73.59999999999999,-66.75,-85.33333333333333,-93,100,-91.5,-88.33333333333333,100,100,100,100,100,100,100,100,100,100,100,100,100,100,-83.85714285714286
-62.4,-55.3,-75.2,-59.66666666666666,-82.11111111111111,-69,-73.2,-66.75,-85.44444444444444,-93,100,-91.25,-88.33333333333333,100,100,100,100,100,100,100,100,100,100,100,100,100,100,-83
-62.2,-55.1,-75.40000000000001,-58.77777777777778,-82.77777777777777,-68.8,-72.8,-66.75,-85.55555555555556,-94,100,-91.25,-88.83333333333333,100,100,100,100,100,100,100,100,100,100,100,100,100,100,-82.85714285714286
-59.2,-60.3,-69.5,-56.375,-82,-72.77777777777777,-71.90000000000001,-71.3,-83.7,-93.2,-93,-88.5,100,100,100,100,100,100,100,100,100,100,100,100,100,100,100,-81
-58.6,-59.1,-69.2,-55.875,-81.7,-71.875,-71.2,-71,-83.40000000000001,-93.2,-93,-88.5,100,100,100,100,100,100,100,100,100,100,100,100,100,100,100,-80.85714285714286
-58.2,-58.9,-68.90000000000001,-55.25,-81.3,-71.625,-70.90000000000001,-70.3,-84.40000000000001,-93.16666666666667,-93,-88.5,-94,100,100,100,100,100,100,100,100,100,100,100,100,100,100,-81.14285714285714
-58.3,-58.9,-68.09999999999999,-54.75,-81.90000000000001,-71.5,-72.3,-69.2,-84.5,-93.14285714285714,-92.5,-88.40000000000001,-94,100,100,100,100,100,100,100,100,100,100,100,100,100,100,-81.625
-58.6,-58.5,-67.2,-55.125,-81.8,-71.125,-71.8,-68.7,-84.3,-93.33333333333333,-92.5,-88.5,-94,100,100,100,100,100,100,100,100,100,100,100,100,100,100,-82.14285714285714
-58.6,-58.2,-66.8,-55.44444444444444,-81.7,-71,-71.2,-68.7,-84.09999999999999,-92.83333333333333,-92.5,-88.5,-93.5,100,100,100,100,100,100,100,100,100,100,100,100,100,100,-82.25
-58.7,-58,-66.5,-55.88888888888889,-81.55555555555556,-70.85714285714286,-70.59999999999999,-68.59999999999999,-84.2,-92.85714285714286,-92.5,-88.40000000000001,-93.33333333333333,100,100,100,100,100,100,100,100,100,100,100,100,100,100,-83.25
-58.6,-57.7,-66.2,-56,-81.33333333333333,-70.875,-70,-68.59999999999999,-84.09999999999999,-92.85714285714286,-92.66666666666667,-88.40000000000001,-93.33333333333333,100,100,100,100,100,100,100,100,100,100,100,100,100,100,-83.25
-58.6,-57.5,-65.7,-55.6,-81.33333333333333,-70.75,-70,-68.5,-84.3,-92.66666666666667,-92.66666666666667,-88.40000000000001,-93.5,100,100,100,100,100,100,100,100,100,100,100,100,100,100,-83.28571428571429
-58.8,-57.3,-65.3,-55.3,-81.44444444444444,-70.625,-69.2,-68.40000000000001,-84.40000000000001,-92.66666666666667,-92.5,-88.75,-93.40000000000001,100,100,100,100,100,100,100,100,100,100,100,100,100,100,-83
-63.1,-63.9,-72.66666666666667,-58,-80.55555555555556,-67.71428571428571,-75.40000000000001,-67.2,-80.2,-92,100,-86.2,-88.16666666666667,100,100,100,100,100,100,100,100,100,100,100,100,100,100,-79.83333333333333
-62.8,-63.8,-73.11111111111111,-57.1,-80.77777777777777,-66.28571428571429,-76.3,-67.2,-80.40000000000001,-92,100,-86.16666666666667,-88.40000000000001,100,100,100,100,100,100,100,100,100,100,100,100,100,100,-79.28571428571429
-62.7,-63.7,-72.55555555555556,-57.11111111111111,-81.22222222222223,-66,-76.40000000000001,-67,-80.7,-92,100,-86.16666666666667,-88.40000000000001,100,100,100,100,100,100,100,100,100,100,100,100,100,100,-79.71428571428571
-62.9,-63.8,-72.44444444444444,-57.33333333333334,-81.66666666666667,-65.5,-76.5,-66.90000000000001,-80.40000000000001,-92,100,-86,-88.75,100,100,100,100,100,100,100,100,100,100,100,100,100,100,-79.71428571428571
-62.7,-66.09999999999999,-71.77777777777777,-57.55555555555556,-81.90000000000001,-65.14285714285714,-75.3,-66.5,-80.2,-92,100,-85.40000000000001,-88.66666666666667,100,100,100,100,100,100,100,100,100,100,100,100,100,100,-79.5
-62.5,-66.3,-71.44444444444444,-57.66666666666666,-82.11111111111111,-64.875,-74.09999999999999,-66.3,-80.09999999999999,-92,100,-85.40000000000001,-88.66666666666667,100,100,100,100,100,100,100,100,100,100,100,100,100,100,-79.5
-62.3,-65.40000000000001,-70.88888888888889,-57.44444444444444,-82.5,-64.375,-73.8,-65.90000000000001,-79.7,100,100,-84.66666666666667,-88.66666666666667,100,100,100,100,100,100,100,100,100,100,100,100,100,100,-79.55555555555556
-62.2,-65.40000000000001,-71.22222222222223,-57.22222222222222,-82.625,-64.375,-74.3,-66,-79.8,100,100,-84.8,-89.66666666666667,100,100,100,100,100,100,100,100,100,100,100,100,100,100,-79.5
-62.5,-64.90000000000001,-71.44444444444444,-57.11111111111111,-83.14285714285714,-63.625,-74.09999999999999,-65.59999999999999,-80,100,100,-84.5,-89.66666666666667,100,100,100,100,100,100,100,100,100,100,100,100,100,100,-79.66666666666667
-62,-65,-71.40000000000001,-57,-83.42857142857143,-63.125,-74.40000000000001,-65.90000000000001,-80.09999999999999,100,100,-84.66666666666667,-90,100,100,100,100,100,100,100,100,100,100,100,100,100,100,-79.25
-63.6,-60.6,-64.7,-58.6,-80.33333333333333,-60.28571428571428,-78.22222222222223,-68.875,-82.59999999999999,-93.33333333333333,100,-88,-89.125,100,100,100,100,100,100,100,100,100,100,100,100,100,100,-75.3
-63.2,-60.8,-64.59999999999999,-58,-80.22222222222223,-60.28571428571428,-78.09999999999999,-68.57142857142857,-83,-93.25,100,-88,-88.75,100,100,100,100,100,100,100,100,100,100,100,100,100,100,-75.3
-62.9,-60.5,-65.5,-58.8,-80.22222222222223,-60.71428571428572,-77.5,-69.71428571428571,-82.3,-93.25,100,-88,-88.66666666666667,100,100,100,100,100,100,100,100,100,100,100,100,100,100,-76.2
-63.1,-60.4,-67,-59.4,-79.88888888888889,-60.71428571428572,-77.5,-69.71428571428571,-81.59999999999999,-93.25,100,-88,-88.77777777777777,100,100,100,100,100,100,100,100,100,100,100,100,100,100,-76.44444444444444
-62.9,-60.3,-67.40000000000001,-59.4,-79.44444444444444,-60.5,-77.8,-71,-81.90000000000001,-92.59999999999999,100,-88,-89.22222222222223,100,100,100,100,100,100,100,100,100,100,100,100,100,100,-76.77777777777777
-62.9,-59.9,-68,-59,-79.11111111111111,-60.625,-77.5,-71.57142857142857,-82,-92,-93,-88,-89.44444444444444,100,100,100,100,100,100,100,100,100,100,100,100,100,100,-77.55555555555556
-63.2,-59.6,-67.90000000000001,-58.8,-79.44444444444444,-60.875,-76.90000000000001,-70.5,-82.2,-92,-93,-87.66666666666667,-89.5,100,100,100,100,100,100,100,100,100,100,100,100,100,100,-78.125
-62.7,-59.9,-68.3,-58.6,-78.88888888888889,-61.25,-77.11111111111111,-70.5,-82.09999999999999,-91.8,-93,-87.66666666666667,-89.77777777777777,100,100,100,100,100,100,100,100,100,100,100,100,100,100,-77.125
-62.3,-60.2,-68.3,-58.5,-78.44444444444444,-61.28571428571428,-77.55555555555556,-70.5,-81.3,-91,-93,-87,-89.77777777777777,100,100,100,100,100,100,100,100,100,100,100,100,100,100,-76.5
-62,-60.4,-68.59999999999999,-58.7,-78.5,-61.14285714285715,-77.44444444444444,-69.875,-81.09999999999999,-90.66666666666667,-93,-87,-89.55555555555556,100,100,100,100,100,100,100,100,100,100,100,100,100,100,-76
-65.40000000000001,-69.2,-73.14285714285714,-58.88888888888889,-82.33333333333333,-60.57142857142857,-74.90000000000001,-72.55555555555556,-80.3,-88.33333333333333,-88.66666666666667,-81.40000000000001,-87.11111111111111,-91.5,-92.5,100,100,-89,100,100,100,100,100,100,100,100,100,-75.40000000000001
-64.8,-69.2,-73.57142857142857,-58.25,-81.66666666666667,-59.42857142857143,-74.7,-73,-80.59999999999999,-88.33333333333333,-88.66666666666667,-81.59999999999999,-86.77777777777777,-91,-91,100,100,-89,100,100,100,100,100,100,100,100,100,-75.40000000000001
-64.59999999999999,-67.59999999999999,-73.85714285714286,-59.5,-81.11111111111111,-59,-75.8,-72.33333333333333,-78.90000000000001,-88.71428571428571,-88.66666666666667,-82,-86.875,-91,-91,100,100,-89,100,100,100,100,100,100,100,100,100,-75.59999999999999
-64.40000000000001,-66.3,-74.57142857142857,-61.375,-81.25,-59.5,-75.90000000000001,-72.55555555555556,-79.5,-87.71428571428571,-88.25,-82,-87,-91,-91,100,100,-89,100,100,100,100,100,100,100,100,100,-74.83333333333333
-64.5,-65.2,-74.28571428571429,-63.25,-81.125,-59.5,-75.90000000000001,-72.55555555555556,-79.5,-88.16666666666667,-88.25,-81.8,-86.5,-91,-91.5,100,100,-89,100,100,100,100,100,100,100,100,100,-74.28571428571429
-64.8,-65.40000000000001,-74.125,-61.875,-81.125,-59.5,-75.7,-72.44444444444444,-79.3,-88.59999999999999,-88.25,-81.5,-86.5,-91,-91.5,100,100,-89,100,100,100,100,100,100,100,100,100,-73.71428571428571
-64.90000000000001,-66.7,-73.66666666666667,-60.875,-81,-59.5,-75.90000000000001,-72.22222222222223,-78.59999999999999,-88,-88.33333333333333,-81.5,-87.16666666666667,-91,-91.5,100,100,100,100,100,100,100,100,100,100,100,100,-73
-65.2,-68,-73.55555555555556,-60.875,-80.875,-59.5,-76,-72.22222222222223,-79.59999999999999,-88,-88,-81.5,-87.59999999999999,-91,-91.5,-90,100,100,100,100,100,100,100,100,100,100,100,-72.42857142857143
-65.2,-68,-73.22222222222223,-61,-80.875,-59.5,-76.09999999999999,-72.22222222222223,-79.90000000000001,-88,-88,-81.5,-87.59999999999999,-91,-91.5,-91,100,100,100,100,100,100,100,100,100,100,100,-72.5
-65.09999999999999,-68.09999999999999,-73.55555555555556,-65,-81,-59.16666666666666,-76.09999999999999,-72.22222222222223,-78.40000000000001,-89,-87,-81.33333333333333,-87.59999999999999,-91,-92,-91,100,100,100,100,100,100,100,100,100,100,100,-73.11111111111111
-63.88888888888889,-62.8,-66.5,-59.66666666666666,-73.90000000000001,-66.42857142857143,-76.77777777777777,-72.3,-74.09999999999999,-88.66666666666667,100,-77.59999999999999,-81.09999999999999,-89,-91,-88.8,100,-90,100,100,100,100,100,100,100,100,100,-70.22222222222223
-63.875,-61.3,-66.75,-59.44444444444444,-73.09999999999999,-66.625,-77.11111111111111,-71.90000000000001,-74,-88.66666666666667,100,-78.75,-81.5,-91,-91,-88.66666666666667,100,-90,100,100,100,100,100,100,100,100,100,-69.88888888888889
-63.75,-61.9,-67.125,-59.66666666666666,-72.59999999999999,-67.42857142857143,-76.66666666666667,-71.90000000000001,-74.3,-88.16666666666667,100,-78.75,-81.8,-91,-91,-88.85714285714286,100,-90,100,100,100,100,100,100,100,100,100,-69.88888888888889
-64.375,-62.6,-67.25,-59.66666666666666,-72.7,-67.5,-76.88888888888889,-71.90000000000001,-75.40000000000001,-88.14285714285714,100,-78.25,-81.33333333333333,-91,-91,-88.85714285714286,100,100,100,100,100,100,100,100,100,100,100,-70.125
-64.375,-63.4,-67.25,-60,-72.55555555555556,-67.5,-76.7,-71.8,-76.5,-88.125,100,-77.59999999999999,-81.22222222222223,-91,100,-88.85714285714286,100,100,100,100,100,100,100,100,100,100,100,-70.125
-63.75,-63.5,-67.625,-60.11111111111111,-72.66666666666667,-67.57142857142857,-76.90000000000001,-71.88888888888889,-76.3,-88.14285714285714,-76,-77.25,-81.44444444444444,-91,-90,-88.66666666666667,100,100,100,100,100,100,100,100,100,100,100,-70.28571428571429
-63.875,-63.22222222222222,-67.375,-59.77777777777778,-72.66666666666667,-67.66666666666667,-76.8,-71.66666666666667,-76.7,-88.14285714285714,-76,-76.8,-81.88888888888889,-91,-91,-89,100,100,100,100,100,100,100,100,100,100,100,-70.28571428571429
-63.375,-62.44444444444444,-67.44444444444444,-59.5,-72.77777777777777,-67.66666666666667,-77.09999999999999,-71.66666666666667,-75.5,-88,-82,-76.25,-81.88888888888889,-91,-91,-89,100,100,100,100,100,100,100,100,100,100,100,-70.14285714285714
-63.33333333333334,-61.44444444444444,-67.59999999999999,-59,-72.875,-68,-76.90000000000001,-71.55555555555556,-74.09999999999999,-88.16666666666667,-82,-76.5,-82.125,-91,-91,-89.40000000000001,100,100,100,100,100,100,100,100,100,100,100,-70.125
-63.44444444444444,-61.33333333333334,-67.7,-59.3,-72.875,-68,-77.3,-71.77777777777777,-74.90000000000001,-88.14285714285714,-82,-76.5,-82.28571428571429,-91,-91,-89.25,100,-90,100,100,100,100,100,100,100,100,100,-70.375
-60.4,-66.33333333333333,-69.22222222222223,-59.3,-88,-70.625,-77.59999999999999,-65.09999999999999,-72.59999999999999,100,100,-76.40000000000001,-79.375,100,100,-89,100,100,100,100,100,100,100,100,100,100,100,-82.75
-60.1,-66.8,-68.22222222222223,-59.3,-88,-70.5,-77.33333333333333,-64.3,-72.40000000000001,100,100,-76.40000000000001,-79.42857142857143,100,100,-89,100,100,100,100,100,100,100,100,100,100,100,-81
-59.9,-67,-68.44444444444444,-59.4,-87.8,-70.375,-77.77777777777777,-63.5,-72.7,100,100,-76.40000000000001,-79.85714285714286,100,100,-88,100,100,100,100,100,100,100,100,100,100,100,-81
-59.6,-68,-67.88888888888889,-59.7,-88.09999999999999,-69.71428571428571,-78.75,-63,-72.90000000000001,100,100,-76.40000000000001,-79.33333333333333,100,100,-88,100,100,100,100,100,100,100,100,100,100,100,-80.8
-59.7,-68.40000000000001,-67.11111111111111,-60,-88,-68.71428571428571,-79.375,-62.7,-73.09999999999999,100,100,-75.75,-80.5,100,100,-88,100,100,100,100,100,100,100,100,100,100,100,-80
-59.8,-68.8,-66.77777777777777,-60,-88.375,-68.85714285714286,-79.625,-62,-73,100,100,-76.33333333333333,-80.40000000000001,100,100,100,100,100,100,100,100,100,100,100,100,100,100,-80
-60,-68.40000000000001,-67.66666666666667,-59.9,-88.625,-68.85714285714286,-79.75,-61.8,-72.90000000000001,100,100,-76.33333333333333,-81,100,100,100,100,100,100,100,100,100,100,100,100,100,100,-80.2
-59.9,-68.5,-67.55555555555556,-60.2,-88.25,-69.125,-79.875,-62.1,-72.7,100,100,-76.33333333333333,-80.8,100,100,100,100,100,100,100,100,100,100,100,100,100,100,-78.8
-60.6,-67.90000000000001,-67.90000000000001,-60.2,-88.75,-69.25,-79.25,-62.2,-72.7,100,100,-74.66666666666667,-81.16666666666667,100,100,-91,100,100,100,100,100,100,100,100,100,100,100,-78.8
-61.3,-67.7,-67.40000000000001,-60.2,-88.85714285714286,-69.66666666666667,-79.42857142857143,-62.1,-72.5,100,100,-72.5,-81.14285714285714,100,100,-91,100,100,100,100,100,100,100,100,100,100,100,-78.83333333333333
-63.1,-66,-66.625,-58,-83.40000000000001,-66.125,-84.75,-60.2,-74.59999999999999,-94,100,-72.59999999999999,-84.66666666666667,100,100,-86.57142857142857,100,100,100,100,100,100,100,100,100,100,100,-74.40000000000001
-62.4,-65.2,-66.125,-57.66666666666666,-83.5,-66,-85.14285714285714,-60.2,-74.3,-94,100,-73.25,-84.66666666666667,100,100,-86.57142857142857,100,100,100,100,100,100,100,100,100,100,100,-75.40000000000001
-61.9,-64.59999999999999,-66.875,-57.66666666666666,-83.55555555555556,-64.875,-85.25,-60.8,-75.2,-94,100,-73.66666666666667,-84.57142857142857,100,100,-86.75,100,100,100,100,100,100,100,100,100,100,100,-75.25
-61.8,-64.7,-68.75,-57.88888888888889,-83.77777777777777,-64.875,-85.625,-60.8,-74.40000000000001,-94.25,100,-73.66666666666667,-84.66666666666667,100,100,-86.75,100,100,100,100,100,100,100,100,100,100,100,-75.25
-61.6,-65.3,-69.625,-57.44444444444444,-84,-64.77777777777777,-85.125,-61.7,-73.59999999999999,-94.25,100,-73.66666666666667,-84.33333333333333,100,100,-86.77777777777777,100,100,100,100,100,100,100,100,100,100,100,-75.5
-61.7,-65.5,-69.25,-57,-84,-64.66666666666667,-84.77777777777777,-61,-73.3,-94.25,100,-73.66666666666667,-83.66666666666667,100,100,-86.77777777777777,100,100,100,100,100,100,100,100,100,100,100,-75.8
-61.6,-65.8,-71,-56.44444444444444,-84,-64.5,-84.66666666666667,-61.4,-73,-94.33333333333333,100,-73.66666666666667,-83.66666666666667,100,100,-87,100,100,100,100,100,100,100,100,100,100,100,-75.83333333333333
-61.5,-65.7,-69.44444444444444,-56.55555555555556,-83.5,-64.5,-84.66666666666667,-61.6,-74.7,-94.5,100,-73,-83.40000000000001,100,100,-86.875,100,100,100,100,100,100,100,100,100,100,100,-75.83333333333333
-61.4,-65.5,-70,-56.88888888888889,-83.375,-64.55555555555556,-84.22222222222223,-62.1,-75.09999999999999,-94.5,100,-71,-83.40000000000001,100,100,-87.28571428571429,100,100,100,100,100,100,100,100,100,100,100,-75.57142857142857
-61.4,-65.3,-71.2,-57.22222222222222,-83.125,-64.5,-84.22222222222223,-62.3,-73.2,-94.5,100,-70.33333333333333,-83.40000000000001,100,100,-87.33333333333333,100,100,100,100,100,100,100,100,100,100,100,-75.57142857142857
-61.6,-67.5,-64.8,-60.5,-83.77777777777777,-61.85714285714285,-80.22222222222223,-69.11111111111111,-73.8,100,100,-78.2,-80.125,100,-90.42857142857143,-87.25,100,-89,100,100,100,100,100,100,100,100,100,-74.83333333333333
-61.6,-66.90000000000001,-65.40000000000001,-60.25,-83.44444444444444,-61.5,-79.125,-68.22222222222223,-73.2,100,100,-77,-79.75,-93,-90.5,-87.59999999999999,100,-89,100,100,100,100,100,100,100,100,100,-74.42857142857143
-61.5,-67.2,-65.59999999999999,-60.5,-83.44444444444444,-61.28571428571428,-80.25,-68.11111111111111,-73.8,100,100,-75.59999999999999,-79.75,-93,-90.55555555555556,-87.59999999999999,100,-89.125,100,100,100,100,100,100,100,100,100,-74.42857142857143
-61.6,-66.90000000000001,-62.9,-60.375,-83.22222222222223,-61.28571428571428,-80.375,-68.11111111111111,-73.59999999999999,100,100,-75.2,-79.625,-93,-90.33333333333333,-86.83333333333333,100,-89.11111111111111,100,100,100,100,100,100,100,100,100,-74
-61.7,-66.09999999999999,-63.2,-60.625,-82.88888888888889,-61.28571428571428,-79.625,-67.77777777777777,-73.3,100,100,-74.25,-79.5,-93,-90.11111111111111,-86.2,100,-89.2,100,100,100,100,100,100,100,100,100,-73.5
-61.9,-66.3,-63.7,-61,-82.55555555555556,-61.28571428571428,-79.625,-67.66666666666667,-73.40000000000001,100,100,-74.59999999999999,-78.875,-91.5,-90.33333333333333,-86,100,-89.2,100,100,100,100,100,100,100,100,100,-73.83333333333333
-62,-66.5,-64.40000000000001,-61.5,-82.44444444444444,-60.71428571428572,-79.375,-66.77777777777777,-73.5,100,100,-74.59999999999999,-78.875,-91.66666666666667,-90.40000000000001,-86.40000000000001,100,-89.09999999999999,100,100,100,100,100,100,100,100,100,-74
-62.4,-67.59999999999999,-65,-61.75,-82.66666666666667,-60.625,-79.125,-66.11111111111111,-73.40000000000001,100,100,-75,-78.875,-91.5,-90.2,-85.5,100,-88.90000000000001,100,100,100,100,100,100,100,100,100,-73.57142857142857
-62.7,-67.90000000000001,-66.8,-62.125,-83.11111111111111,-60.375,-79.625,-65.88888888888889,-73.2,100,100,-75,-78.875,-91.59999999999999,-90.5,-85.5,100,-88.8,100,100,100,100,100,100,100,100,100,-73.57142857142857
-62.6,-68,-66.8,-62,-82.88888888888889,-60.28571428571428,-79.44444444444444,-65.8,-73.3,100,100,-74.83333333333333,-79,-91.66666666666667,-90.44444444444444,-85,100,-88.8,100,100,100,100,100,100,100,100,100,-73.375
-68.09999999999999,-71.09999999999999,-61.3,-60.9,-83.11111111111111,-66.42857142857143,-78.625,-63.66666666666666,-68.8,100,100,-73.2,-79,100,-91.14285714285714,-86.66666666666667,100,-89,100,-95,100,100,100,100,100,100,100,-68.75
-68.3,-72.90000000000001,-61.4,-60.9,-83.40000000000001,-65.57142857142857,-78.75,-62.77777777777778,-68.90000000000001,100,100,-73.25,-78.71428571428571,100,-91.33333333333333,-86.66666666666667,100,-88.75,100,100,100,100,100,100,100,100,100,-69
-68.3,-71.7,-61.8,-61.5,-84,-65.33333333333333,-79,-63.11111111111111,-69.3,100,100,-74,-78.57142857142857,100,-91.40000000000001,-87.83333333333333,100,-88.33333333333333,100,100,100,100,100,100,100,100,100,-68.75
-68.5,-72,-61.7,-61.8,-84.7,-66.16666666666667,-78.77777777777777,-62.66666666666666,-69.09999999999999,100,100,-74,-79.14285714285714,100,-92.25,-87.42857142857143,100,-88.5,100,100,100,100,100,100,100,100,100,-69
-68.3,-72,-61.5,-61.4,-85,-66.16666666666667,-78.77777777777777,-62.3,-69.09999999999999,100,100,-73.66666666666667,-78.875,100,-91.5,-88,100,-88.5,100,100,100,100,100,100,100,100,100,-69.375
-68.7,-71.59999999999999,-61.3,-60.7,-84.59999999999999,-65.8,-78.55555555555556,-62.4,-68.7,100,100,-73.66666666666667,-77,100,-91,-88.2,100,-89,100,-94,100,100,100,100,100,100,100,-68.875
-68.40000000000001,-71.40000000000001,-61.6,-60.8,-85.22222222222223,-66.16666666666667,-78.5,-61.5,-68.2,100,100,-73.5,-76.625,100,-90.75,-88.5,100,-89,100,-94,100,100,100,100,100,100,100,-69
-68.2,-70.2,-61.6,-61.1,-85.44444444444444,-67,-78.2,-61.7,-68.09999999999999,100,100,-73.33333333333333,-76.66666666666667,100,-90.75,-88.5,100,-89,100,-94,100,100,100,100,100,100,100,-68.125
-68.3,-69.59999999999999,-61.6,-61.5,-85.25,-67.59999999999999,-78,-62.1,-68.2,100,100,-73.25,-76.11111111111111,100,-90.75,-88.40000000000001,100,-89,100,-94,100,100,100,100,100,100,100,-68.75
-68.40000000000001,-69.09999999999999,-61.3,-62.1,-84.85714285714286,-67.83333333333333,-77.59999999999999,-62.2,-68.2,100,100,-70.75,-76.44444444444444,100,-91,-88,100,-89,100,-94,100,100,100,100,100,100,100,-68
-68,-70.8,-63.33333333333334,-66.88888888888889,-84.55555555555556,-67,-85.77777777777777,-69.77777777777777,-70.3,100,100,-72.57142857142857,-80.44444444444444,-89.16666666666667,-89.75,-85.71428571428571,100,-86.85714285714286,100,100,100,100,-89,100,100,100,100,-70.42857142857143
-67.7,-70.90000000000001,-62.55555555555556,-66.55555555555556,-84,-67.25,-85.66666666666667,-69.11111111111111,-70.7,100,100,-72.5,-79.88888888888889,-89.2,-89.71428571428571,-85.5,100,-86.83333333333333,100,100,100,100,-89,100,100,100,100,-70.33333333333333
-67.7,-70.40000000000001,-62.44444444444444,-66.44444444444444,-84.375,-67.625,-85.33333333333333,-70.44444444444444,-70.2,100,100,-72.40000000000001,-80.33333333333333,-88.59999999999999,-89.85714285714286,-85.33333333333333,100,-86.33333333333333,100,100,100,100,-89,100,100,100,100,-70
-67.7,-70.09999999999999,-62.5,-66.5,-84.5,-68,-85,-70.55555555555556,-69.5,100,100,-73,-80.625,-89,-89.83333333333333,-85.2,100,-86,100,100,100,100,-89,100,100,100,100,-70.14285714285714
-67.8,-70.2,-62.1,-66.5,-84.125,-68.55555555555556,-85.75,-70.3,-69.59999999999999,100,100,-72.33333333333333,-81.375,-88.83333333333333,-89.66666666666667,-85.75,100,-86.59999999999999,100,100,100,100,100,100,100,100,100,-70
-67.7,-70.2,-62.4,-66.55555555555556,-83.75,-68.66666666666667,-86.375,-70.5,-70.5,100,100,-72,-81.25,-88.40000000000001,-89.83333333333333,-85.5,100,-86.40000000000001,100,100,100,100,100,100,100,100,100,-69.77777777777777
-67.59999999999999,-71.3,-62.7,-67,-83.375,-68.88888888888889,-86.11111111111111,-70.40000000000001,-71.59999999999999,100,100,-73,-80.71428571428571,-88,-90,-85.5,-92,-86.59999999999999,100,100,100,100,100,100,100,100,100,-69.22222222222223
-67.59999999999999,-72.40000000000001,-63.1,-67.77777777777777,-82.75,-70.11111111111111,-85.88888888888889,-70.3,-72.5,100,100,-75,-79.71428571428571,-88,-89.59999999999999,-85.2,-92,-87,100,100,100,100,100,100,100,100,100,-68.77777777777777
-67.40000000000001,-72.7,-62.9,-68.11111111111111,-82.88888888888889,-71.22222222222223,-85.66666666666667,-70.5,-72.90000000000001,100,100,-75,-79.57142857142857,-88.16666666666667,-89.75,-84.8,-92,-87.33333333333333,100,100,100,100,100,100,100,100,100,-68.66666666666667
-67.2,-71.7,-63.4,-68,-82.5,-71.55555555555556,-85.55555555555556,-70.5,-72.5,100,100,-75,-79.375,-88.57142857142857,-89.8,-84.66666666666667,-92,-87.42857142857143,100,100,100,100,100,100,100,100,100,-68.11111111111111
-69.8,-69.7,-63.33333333333334,-66.11111111111111,-87.625,-62.5,-80.75,-75.55555555555556,-69,100,100,-73.16666666666667,-84,-88.2,-91.40000000000001,-86.66666666666667,100,-84,100,100,100,100,100,100,100,100,100,-76.5
-69.59999999999999,-69.7,-61.55555555555556,-65.88888888888889,-87.5,-62.42857142857143,-81.375,-75,-68.25,100,100,-72.59999999999999,-84,-88.33333333333333,-91,-87,100,-83.75,100,100,-88,100,100,100,100,100,100,-75
-69.59999999999999,-70.2,-61.22222222222222,-65.875,-87.5,-63,-81.875,-75.44444444444444,-68.375,100,100,-71.59999999999999,-83.8,-88.5,-91,-86.59999999999999,100,-83.875,100,100,-88,100,100,100,100,100,100,-75
-69.90000000000001,-70,-61.125,-65.88888888888889,-87.875,-63.25,-82.22222222222223,-76,-68.66666666666667,100,100,-70.83333333333333,-83.5,-88.42857142857143,-91,-86.59999999999999,100,-83.75,100,100,-89,100,100,100,100,100,100,-76.40000000000001
-70,-70.09999999999999,-61,-66,-87.875,-63.22222222222222,-82.11111111111111,-76,-69.22222222222223,100,100,-70.28571428571429,-83.66666666666667,-88.625,-91,-86.59999999999999,100,-83.75,100,100,-89,100,100,100,100,100,100,-75.66666666666667
-70.2,-69.7,-60.77777777777778,-65.77777777777777,-88,-63.25,-82.33333333333333,-75.85714285714286,-69.88888888888889,100,100,-69.71428571428571,-83,-88.77777777777777,-91,-86.59999999999999,100,-83.66666666666667,100,100,-89,100,100,100,100,100,100,-74.57142857142857
-70.3,-70.09999999999999,-60.66666666666666,-66.33333333333333,-88,-63.375,-82.44444444444444,-76.14285714285714,-69.55555555555556,100,100,-69.28571428571429,-83.22222222222223,-88.7,-90.8,-87.16666666666667,100,-83.55555555555556,100,100,-88.75,100,100,100,100,100,100,-74.83333333333333
-70.3,-70.5,-60.66666666666666,-66.77777777777777,-88,-63.625,-82.40000000000001,-76.28571428571429,-69.33333333333333,100,100,-69.28571428571429,-83.66666666666667,-88.7,-90.66666666666667,-87.2,100,-83.40000000000001,100,100,-89,100,100,100,100,100,100,-73.66666666666667
-70.3,-71,-60,-67.22222222222223,-88,-64.125,-82.7,-76.16666666666667,-69,100,100,-70.14285714285714,-83.55555555555556,-88.8,-90.59999999999999,-87.25,100,-83.3,100,100,-89,100,100,100,100,100,100,-73.66666666666667
-70.40000000000001,-71.09999999999999,-59.875,-67.66666666666667,-88,-64.5,-83.09999999999999,-76.33333333333333,-69,100,100,-68.71428571428571,-83,-88.90000000000001,-90.5,-87.25,100,-83.22222222222223,100,100,-89,100,100,100,100,100,100,-73.57142857142857
-69.59999999999999,-70,-65.44444444444444,-64.375,-84.22222222222223,-61.44444444444444,-81.22222222222223,-76.55555555555556,-69.5,100,100,-76.66666666666667,-74.33333333333333,-92,-90.85714285714286,-84,100,-89,100,100,100,100,100,100,100,100,100,-75.66666666666667
-69.40000000000001,-68.8,-64.88888888888889,-63.625,-84.2,-61.375,-81.22222222222223,-76.77777777777777,-67.5,100,100,-78.5,-74.44444444444444,-92,-90.57142857142857,-84,100,-89.25,100,100,100,100,100,100,100,100,100,-76
-69.40000000000001,-68.7,-64.11111111111111,-63.75,-84.40000000000001,-61.85714285714285,-81.09999999999999,-77,-66.59999999999999,100,100,-79.5,-74.66666666666667,-92,-90.375,-84.5,100,-89,100,100,100,100,100,100,100,100,100,-76
-69.3,-69.40000000000001,-63.77777777777778,-63.75,-84.3,-62.33333333333334,-80.7,-77.44444444444444,-66.7,100,100,-78.40000000000001,-74.44444444444444,-92,-90.25,-85.2,100,-89.33333333333333,100,100,100,100,100,100,100,100,100,-75
-69.40000000000001,-70.59999999999999,-63.55555555555556,-63.875,-84,-61.83333333333334,-80.09999999999999,-77.44444444444444,-68.2,100,100,-78.40000000000001,-75.66666666666667,-92,-90,-84.40000000000001,100,-89.5,100,100,100,100,100,100,100,100,100,-74.59999999999999
-69.2,-70.7,-63.44444444444444,-64.125,-84.40000000000001,-62,-80.40000000000001,-77.625,-68.5,100,100,-78.66666666666667,-75.66666666666667,100,-90,-84.25,100,-89.5,100,100,100,100,100,100,100,100,100,-74.33333333333333
-69.11111111111111,-70.7,-63.375,-64.11111111111111,-84.40000000000001,-61.83333333333334,-80.8,-77.5,-68.7,100,100,-78.66666666666667,-75.22222222222223,100,-89.77777777777777,-84.25,100,-89.59999999999999,100,100,100,100,100,100,100,100,100,-73.66666666666667
-69,-70.8,-63.375,-64.22222222222223,-84.40000000000001,-61.5,-80.40000000000001,-77.22222222222223,-67.3,100,100,-78.59999999999999,-75,100,-89.55555555555556,-82,100,-89.5,100,100,100,100,100,100,100,100,100,-73.66666666666667
-68.77777777777777,-70.90000000000001,-63.125,-64.44444444444444,-84.40000000000001,-61.5,-79.8,-76.88888888888889,-66.09999999999999,100,100,-77.40000000000001,-75.22222222222223,100,-89.66666666666667,-83.2,100,-89.42857142857143,100,100,100,100,100,100,100,100,100,-73.42857142857143
-69.11111111111111,-70.2,-63.11111111111111,-64.5,-84.09999999999999,-61.16666666666666,-79.59999999999999,-77.125,-65.90000000000001,100,100,-77.16666666666667,-75.2,100,-89.66666666666667,-83.2,100,-89.42857142857143,100,100,100,100,100,100,100,100,100,-73.33333333333333
-66.3,-72.22222222222223,-69.11111111111111,-70.7,-85,-65,-82.77777777777777,-71.22222222222223,-63,100,100,-71.66666666666667,-69.09999999999999,-89.71428571428571,-87.14285714285714,-82.5,100,-88.5,100,100,100,100,100,100,100,100,100,-84
-66.09999999999999,-70.44444444444444,-68.33333333333333,-69.3,-84.375,-65.40000000000001,-82.33333333333333,-70.88888888888889,-62.5,100,100,-70.25,-69,-89.71428571428571,-87.16666666666667,-82,100,-88.5,100,100,100,100,100,100,100,100,100,-84.33333333333333
-66.40000000000001,-68.88888888888889,-68.11111111111111,-68.40000000000001,-84.125,-66,-82.75,-71.11111111111111,-62.5,100,100,-69,-68.77777777777777,-89.66666666666667,-86.66666666666667,-81.5,100,-88.59999999999999,100,100,100,100,100,100,100,100,100,-84.5
-66.33333333333333,-68.59999999999999,-67.77777777777777,-68.44444444444444,-84.25,-66.2,-82.57142857142857,-71.09999999999999,-62,100,100,-69.59999999999999,-68.66666666666667,-89.8,-86.40000000000001,-81.5,100,-88.66666666666667,100,100,100,100,100,100,100,100,100,-86
-66.22222222222223,-68.5,-67.77777777777777,-68.22222222222223,-84.625,-66,-82.66666666666667,-71.09999999999999,-62,100,100,-69.16666666666667,-68.33333333333333,-90,-86.40000000000001,-81.5,100,-88.66666666666667,100,100,100,100,100,100,100,100,100,-85.2
-65.88888888888889,-68.3,-67.77777777777777,-68.11111111111111,-84.625,-66.14285714285714,-82.5,-71.09999999999999,-61.9,100,100,-69.16666666666667,-68,-90.33333333333333,-85.40000000000001,-81.8,100,-88.59999999999999,100,100,100,100,100,100,100,100,100,-84.5
-65.44444444444444,-69.90000000000001,-67.22222222222223,-68.11111111111111,-84.33333333333333,-66.42857142857143,-82.16666666666667,-70.59999999999999,-62,100,100,-69.28571428571429,-68,-90.5,-85.16666666666667,-81.8,100,-88.5,100,100,100,100,100,100,100,100,100,-84.5
-65.44444444444444,-70,-67.5,-67.77777777777777,-84.44444444444444,-66.14285714285714,-82.83333333333333,-70.44444444444444,-61.6,100,100,-69.28571428571429,-68,-92,-84.85714285714286,-81.75,100,-88.5,100,100,100,100,100,100,100,100,100,-83.85714285714286
-65.77777777777777,-71.7,-67.42857142857143,-67.375,-84.3,-66,-83.42857142857143,-70.22222222222223,-61.6,100,100,-69,-68.11111111111111,100,-84.16666666666667,-81.40000000000001,100,-88.5,100,100,100,100,100,100,100,100,100,-83.75
-65.66666666666667,-70.09999999999999,-66.42857142857143,-66.625,-84.2,-66,-83.14285714285714,-70.33333333333333,-61.6,100,100,-68.71428571428571,-68.11111111111111,100,-83,-81.40000000000001,100,-88.5,100,100,100,100,100,100,100,100,100,-83.77777777777777
-75.7,-76.7,-73.22222222222223,-67.42857142857143,100,-72.125,-91.16666666666667,-80.44444444444444,-58.4,100,100,-65.875,-71.40000000000001,-81.2,-81.5,-81.16666666666667,100,-90,100,-84.71428571428571,100,-90,-89,100,-95,100,100,-88.2
-75.22222222222223,-76.09999999999999,-73,-67.25,100,-71.75,-91.16666666666667,-80.625,-58.4,100,100,-65.625,-72.59999999999999,-80.59999999999999,-81.625,-81.16666666666667,100,-90,100,-84.625,100,-93,-89,100,-95,100,100,-88.2
-75,-75.8,-72.88888888888889,-67,100,-71.77777777777777,-91.40000000000001,-80.625,-57.8,100,100,-65,-71.8,-79.8,-81.875,-81.83333333333333,100,-89.75,100,-84.66666666666667,100,-95,-89.5,100,-95,100,100,-88.2
-74.875,-76.3,-73.11111111111111,-67,100,-71.88888888888889,-91.8,-81.75,-57.9,100,100,-66,-71,-79.59999999999999,-81.57142857142857,-81.83333333333333,100,-89.75,100,-84.11111111111111,100,-95,-89.5,100,100,100,100,-88.2
-74.5,-76.59999999999999,-73.22222222222223,-67.14285714285714,100,-71.77777777777777,-92,-81.875,-57.8,100,100,-66,-70.5,-79.5,-81.14285714285714,-81.33333333333333,100,-89.75,100,-83.77777777777777,100,-95,-89.5,100,100,100,100,-88.25
-74.75,-76.59999999999999,-73.5,-65.57142857142857,100,-71.77777777777777,-92.5,-82,-57.6,100,100,-65,-69.8,-79.40000000000001,-81.14285714285714,-81.5,100,-90,100,-83.7,-89,-95,-89.5,100,100,100,100,-88.5
-74.5,-76.3,-73.8,-65.375,100,-71.875,-92.5,-82.57142857142857,-57.6,100,100,-65.66666666666667,-69.40000000000001,-79.5,-81.14285714285714,-81.83333333333333,100,-90,100,-83.5,-89,-93,-89.66666666666667,100,100,100,100,-87.33333333333333
-74,-76.40000000000001,-73.90000000000001,-65.125,100,-72,-92,-82.57142857142857,-57.6,100,100,-67.5,-69.7,-79.59999999999999,-81.57142857142857,-82.14285714285714,100,-90,100,-83.5,-89,-92.33333333333333,-89.66666666666667,100,100,100,100,-88
-73.5,-76.7,-74.3,-65,100,-71.875,-92.2,-82.625,-57.5,100,100,-69.2,-70.40000000000001,-79.40000000000001,-81.5,-82.14285714285714,100,-90,100,-83.40000000000001,-89,-92.33333333333333,-90,100,100,100,100,-88
-74.25,-76.88888888888889,-74.55555555555556,-64.85714285714286,100,-72,-92.25,-82.625,-57.6,100,100,-69.2,-70.5,-79.3,-81.5,-82.375,100,-90,100,-83.3,-89,-92.25,-90,100,100,100,100,-87
-79.5,-82.44444444444444,-85.5,-78,100,-79.59999999999999,-93,-82.44444444444444,-58.4,100,100,-61.33333333333334,-58,100,-79.5,-76.33333333333333,-84.625,-88,100,-79,100,-91.5,100,100,-90.42857142857143,100,100,-91
-79.3,-82,-84.57142857142857,-78.11111111111111,100,-79.83333333333333,-93,-82.25,-57.8,100,100,-61.33333333333334,-58.3,-91,-79.3,-76.33333333333333,-84.5,-88,100,-79,100,-91.5,100,100,-90.42857142857143,100,100,-91
-79.5,-81.66666666666667,-84,-78,100,-79.83333333333333,-93,-81.375,-57.6,100,100,-61,-58.3,-90,-79,-75.5,-84.875,-88,100,-78.77777777777777,100,-92.5,100,100,-90.57142857142857,100,100,-91
-79.5,-81.77777777777777,-83.625,-78.77777777777777,100,-79.59999999999999,-93,-81.22222222222223,-57.3,100,100,-60.8,-58.5,-90,-78.2,-76,-84.88888888888889,-88,100,-78.22222222222223,100,-92.59999999999999,100,100,-90.57142857142857,100,100,-91
-79.3,-82.22222222222223,-83.25,-79.66666666666667,100,-80.16666666666667,-93,-81.55555555555556,-56.7,100,100,-60.8,-58.5,-90,-77.7,-75,-85.40000000000001,-88,100,-78,100,-92.5,100,100,-90.28571428571429,100,100,-91
-79.40000000000001,-82.33333333333333,-82.75,-78.55555555555556,100,-80.42857142857143,-93,-81.66666666666667,-57.7,100,100,-60.5,-58.1,-90,-77.40000000000001,-75,-85.8,-88,100,-78,100,-93.75,100,100,-90.16666666666667,100,100,-91
-79.2,-82.33333333333333,-81.5,-77.33333333333333,100,-81.14285714285714,100,-81.88888888888889,-58.9,100,100,-60.5,-57.7,-90,-77.09999999999999,-74.5,-86,-89,100,-78,100,-93.59999999999999,100,100,-90.16666666666667,100,100,100
-78.7,-82.33333333333333,-81.5,-77.11111111111111,100,-80.57142857142857,100,-81.55555555555556,-60.3,100,100,-60.33333333333334,-55.2,-90,-77.40000000000001,-75.66666666666667,-86.77777777777777,-89.33333333333333,100,-77.5,100,-93.59999999999999,100,100,-90.28571428571429,100,100,100
-78.8,-82.44444444444444,-80.875,-77.5,100,-80.875,100,-81.22222222222223,-60.8,100,100,-60.33333333333334,-55.6,-90,-77.55555555555556,-75.66666666666667,-87,-89,100,-77.11111111111111,100,-93.33333333333333,100,100,-90.5,100,100,100
-78.7,-82.44444444444444,-80.375,-78.375,100,-81.42857142857143,100,-80.77777777777777,-60.5,100,100,-60.5,-56.4,-90.33333333333333,-77.88888888888889,-75,-87.22222222222223,-88.75,100,-76.44444444444444,100,-93.57142857142857,100,100,-90.66666666666667,100,100,100
-80.66666666666667,-82.3,-82,-78.125,100,-80,-91,-85.8,-56.3,100,100,-70.83333333333333,-63,100,-80.2,-79.14285714285714,-90.42857142857143,-87.25,100,-81.625,100,-88,-91,100,-89.40000000000001,100,100,100
-80.22222222222223,-82.09999999999999,-81.44444444444444,-77.88888888888889,100,-79.75,-91,-86,-56.3,100,100,-69.8,-63.3,100,-80.2,-78.5,-90,-87.22222222222223,100,-81.125,100,-88,-91,100,-89.83333333333333,100,100,100
-80.66666666666667,-82,-81.125,-78.22222222222223,100,-79.40000000000001,-91,-85.5,-57.5,100,100,-69.8,-64,100,-79.90000000000001,-78.40000000000001,-89.85714285714286,-87.2,100,-81,100,-88,-91,100,-89.83333333333333,100,100,100
-80.77777777777777,-81.90000000000001,-81.125,-77.88888888888889,100,-79.33333333333333,-92,-85.7,-57.7,100,100,-69.40000000000001,-63.6,100,-79.77777777777777,-79.2,-89.42857142857143,-87,100,-80.85714285714286,100,-88,-91,100,-89.83333333333333,100,100,100
-80.77777777777777,-82,-81.33333333333333,-78.66666666666667,100,-80.33333333333333,-92,-85.40000000000001,-58.4,100,100,-69.40000000000001,-63.9,100,-80,-79.66666666666667,-89.5,-87.11111111111111,100,-80.28571428571429,100,-88,-91,100,-89.71428571428571,100,100,100
-81.11111111111111,-82.09999999999999,-81,-78.88888888888889,100,-80.83333333333333,-93,-85.40000000000001,-59,100,100,-68.25,-63.6,100,-80,-79.59999999999999,-89.5,-87.66666666666667,100,-80,100,-88,-91,100,-89.71428571428571,100,100,100
-81,-82.3,-81.22222222222223,-79.11111111111111,100,-80.71428571428571,-93,-85.3,-59.2,100,100,-68.25,-63.3,100,-80.625,-79.59999999999999,-89.125,-87.55555555555556,100,-79.85714285714286,100,-91,-91,100,-89.33333333333333,100,100,100
-81.33333333333333,-82.5,-81.22222222222223,-79.55555555555556,100,-81.14285714285714,-93,-85.5,-59.6,100,100,-67.59999999999999,-64.09999999999999,100,-80.25,-79.83333333333333,-89,-87.77777777777777,100,-80.28571428571429,100,-90,-91,100,-90,100,100,100
-81.5,-82.44444444444444,-81.77777777777777,-79.5,100,-81.375,-93,-85.7,-59.5,100,100,-67.40000000000001,-64.90000000000001,100,-80,-80,-88.66666666666667,-87.77777777777777,100,-80.625,100,-90,100,100,-90.14285714285714,100,100,100
-81.59999999999999,-83.55555555555556,-82.77777777777777,-79.44444444444444,100,-81.375,-93,-85.5,-59.3,100,100,-67.2,-65.7,100,-80.375,-79,-88.5,-87.75,100,-80.625,100,-90,100,100,-90.33333333333333,100,100,100
-79.40000000000001,-83.59999999999999,-79.33333333333333,-80.88888888888889,100,-81,100,-85.33333333333333,-58.2,100,100,-68.25,-60,-90.5,-84.40000000000001,-77.375,-86.33333333333333,-88.66666666666667,100,-87.375,100,100,100,100,-93,100,100,100
-79.3,-83.44444444444444,-79.11111111111111,-80.44444444444444,100,-80.83333333333333,100,-85.22222222222223,-57.9,100,100,-68.25,-60.6,-90.5,-84.3,-76.875,-86.33333333333333,-88.75,100,-86.75,100,100,100,100,-92.59999999999999,100,100,100
-79.22222222222223,-83.88888888888889,-79.55555555555556,-80.55555555555556,100,-81,100,-85,-58.5,100,100,-68,-61.4,-90.5,-84.55555555555556,-76.57142857142857,-86.66666666666667,-88.75,100,-86.875,100,100,100,100,-92.5,100,100,100
-79.33333333333333,-84.33333333333333,-79.55555555555556,-80.44444444444444,100,-81,-95,-85.22222222222223,-58.8,100,100,-68,-60.9,-90.5,-84.22222222222223,-76.83333333333333,-86.55555555555556,-88,100,-86.625,100,100,100,100,-92.5,100,100,100
-79.66666666666667,-84.44444444444444,-79.55555555555556,-80.88888888888889,100,-81,-95,-84.77777777777777,-59.4,100,100,-68,-61.2,-91,-84.11111111111111,-76.83333333333333,-86.66666666666667,-87.33333333333333,100,-87,100,100,100,100,-92.57142857142857,100,100,100
-79.88888888888889,-84.44444444444444,-79.5,-80.88888888888889,100,-81.2,-95,-84.7,-60.4,100,100,-68,-61,-91,-84.22222222222223,-76,-86.875,-87,100,-86.44444444444444,100,100,100,100,-92.57142857142857,100,100,100
-80.22222222222223,-84,-79.125,-81.33333333333333,100,-81.5,-95,-84.59999999999999,-61.5,100,100,-68,-61,-91,-84.11111111111111,-76,-86.71428571428571,-87.2,100,-86.75,100,100,100,100,-92.71428571428571,100,100,100
-80.44444444444444,-83.22222222222223,-79.125,-81.44444444444444,100,-81.66666666666667,-95,-84.09999999999999,-62.3,100,100,-66.75,-61.3,-91,-83.55555555555556,-76,-86.57142857142857,-87.16666666666667,100,-87.125,100,100,100,100,-92.57142857142857,100,100,100
-80.55555555555556,-83.66666666666667,-79.11111111111111,-81.66666666666667,100,-81,-95,-84.40000000000001,-62.9,100,100,-66.33333333333333,-61.8,100,-83.22222222222223,-75.40000000000001,-86.83333333333333,-87.28571428571429,100,-87.125,100,100,100,100,-92.625,100,100,100
-80.5,-84.22222222222223,-79.33333333333333,-81.33333333333333,100,-81,-95,-84.55555555555556,-62.7,100,100,-66.66666666666667,-62.4,100,-83.33333333333333,-74.75,-86.66666666666667,-87.5,100,-86,100,100,100,100,-92.44444444444444,100,100,-93
-82.88888888888889,-80.625,-84.42857142857143,-81.28571428571429,100,-80,100,-79.66666666666667,-58.8,100,100,-55,-68.2,100,-87.90000000000001,-77,-92.66666666666667,-86.22222222222223,100,-90.33333333333333,100,100,100,100,100,100,100,100
-83.09999999999999,-81.125,-84.57142857142857,-81.125,100,-83,100,-79.25,-58.9,100,100,-55,-68.09999999999999,-91,-87.5,-77.14285714285714,-92.66666666666667,-86,100,-90.42857142857143,100,100,100,100,100,100,100,100
-83.2,-81.75,-84.75,-80.88888888888889,100,-82.33333333333333,100,-78.875,-58.9,100,100,-55,-69.3,-91,-87.09999999999999,-76.42857142857143,-92.66666666666667,-85.88888888888889,100,-90.25,100,100,100,100,100,100,100,100
-83.5,-81.77777777777777,-85.125,-80.88888888888889,100,-82.25,100,-78.875,-59,100,100,-55,-69.40000000000001,-90.5,-87.11111111111111,-76.42857142857143,-93,-85.90000000000001,100,-89.75,100,100,100,100,100,100,100,100
-83.7,-81.88888888888889,-84.14285714285714,-80.88888888888889,100,-82,100,-78.875,-58.8,100,100,-55,-69.90000000000001,-90.33333333333333,-86.88888888888889,-77.28571428571429,-93,-85.90000000000001,100,-89.44444444444444,100,100,100,100,100,100,100,100
-83.90000000000001,-82.55555555555556,-84.14285714285714,-81,100,-82,100,-78.77777777777777,-58.5,100,100,-55.66666666666666,-69.5,-90.33333333333333,-86.77777777777777,-77.28571428571429,-93,-85.7,100,-88.77777777777777,100,100,100,100,100,100,100,100
-84,-82.77777777777777,-84.14285714285714,-80.5,100,-82.16666666666667,100,-78.75,-58.3,100,100,-55.5,-68.8,-90.33333333333333,-86.33333333333333,-77.14285714285714,-92,-85.90000000000001,100,-88.59999999999999,100,100,100,100,100,100,100,100
-84.44444444444444,-82.77777777777777,-83.71428571428571,-79.875,100,-82.16666666666667,100,-79.125,-58.7,100,100,-55.4,-68.3,-89.75,-86.22222222222223,-77.125,-92,-86.09999999999999,100,-88.33333333333333,100,100,100,100,100,100,100,100
-84.77777777777777,-83.33333333333333,-85,-79.625,100,-82,100,-79.375,-59,100,100,-55,-67.8,-89.75,-86.11111111111111,-77.125,-92,-85.90000000000001,100,-88.77777777777777,100,100,100,100,100,100,100,100
-85.22222222222223,-83.55555555555556,-85,-79.77777777777777,100,-82.42857142857143,100,-79.25,-59.1,100,100,-55.2,-68.3,-89.75,-85.55555555555556,-77.22222222222223,-92,-85.7,100,-89.125,100,-95,100,100,100,100,100,100
-81.5,-80.3,-78.55555555555556,-79.22222222222223,100,-79.40000000000001,100,-82.44444444444444,-57.1,100,100,-63,-63,-83.5,-80.88888888888889,-77.14285714285714,-87.875,-88.33333333333333,100,-84.16666666666667,100,100,100,100,-93,100,100,-92
-81.40000000000001,-81,-78.33333333333333,-79.33333333333333,100,-79.40000000000001,100,-82.11111111111111,-57.1,100,100,-62.33333333333334,-62.1,-83.40000000000001,-80.875,-76.5,-87.875,-88.40000000000001,100,-84.5,100,100,-89,100,-93,100,100,-92
-80.8,-81.5,-78.44444444444444,-78.77777777777777,100,-79.5,100,-81.44444444444444,-56.9,100,100,-62.75,-61.2,-83.90000000000001,-80.75,-76,-87.75,-89.40000000000001,100,-84.5,100,100,-89,100,-93.66666666666667,100,100,-92
-80.77777777777777,-82,-78,-78.375,100,-79.5,100,-81.33333333333333,-56,100,100,-62.66666666666666,-61.3,-83.8,-81.125,-76.28571428571429,-88.33333333333333,-89.40000000000001,100,-84.8,100,100,-89,100,-92,100,100,-92
-80.55555555555556,-82.40000000000001,-77.66666666666667,-78.42857142857143,100,-79.5,100,-81,-55.2,100,100,-63,-62,-83.90000000000001,-81.375,-76.28571428571429,-88.33333333333333,-89,100,-84.16666666666667,100,100,-89,100,-92,100,100,-92
-80.33333333333333,-82,-77.77777777777777,-78.42857142857143,100,-79.33333333333333,100,-81,-54.7,100,100,-63,-63,-84,-81.875,-76.14285714285714,-88.22222222222223,-89,100,-84.8,100,100,-90,100,-91.5,100,100,-92
-80,-82.09999999999999,-78.33333333333333,-78.85714285714286,100,-79.5,100,-80.88888888888889,-54.7,100,100,-63,-64.09999999999999,-84,-81.875,-75.85714285714286,-88.2,-90,100,-85.16666666666667,100,100,-90,100,-88,100,100,100
-79.77777777777777,-82.09999999999999,-78.5,-78.875,100,-79,100,-80.66666666666667,-54.6,100,100,-63,-65.7,-84.2,-81.75,-75.85714285714286,-88.44444444444444,-90,100,-85,100,-92,-90,100,-88,100,100,100
-79.66666666666667,-81.7,-78.8,-78.625,100,-80,100,-80.11111111111111,-54.9,100,100,-63,-65.40000000000001,-84,-81.5,-76,-88.66666666666667,-90,100,-86.16666666666667,100,-92,-90,100,-88,100,100,100
-79.44444444444444,-81.5,-79.2,-78.25,100,-79.40000000000001,100,-79.75,-55.4,100,100,-63.6,-64.5,-84.2,-81.5,-75.40000000000001,-88.33333333333333,-90,100,-86.33333333333333,100,-92,-90,100,-88,100,100,100
-83.11111111111111,-85.7,-88.85714285714286,-82.25,100,-85.75,100,-88.22222222222223,-49.3,100,100,-62.85714285714285,-53.2,-90,-78,-74.59999999999999,-84.11111111111111,-89.66666666666667,100,-81.90000000000001,100,-91,100,100,-92.40000000000001,100,100,100
-82.77777777777777,-86,-88.875,-82,100,-85.59999999999999,100,-88.11111111111111,-48.9,100,100,-62.16666666666666,-52.7,-90,-77.90000000000001,-74.25,-83.77777777777777,-89.55555555555556,100,-81.7,100,-90.5,100,100,-92.40000000000001,100,100,100
-82.22222222222223,-86.5,-89,-81.625,100,-85.66666666666667,100,-88.11111111111111,-49.3,100,100,-62.16666666666666,-52.2,100,-77.7,-75,-83.55555555555556,-89.44444444444444,100,-82.09999999999999,100,-90.59999999999999,100,100,-92.5,100,100,100
-82.11111111111111,-86.8,-89.125,-81.5,100,-85.66666666666667,100,-88.09999999999999,-49.6,100,100,-61.8,-51.8,100,-77.40000000000001,-73.8,-83.22222222222223,-89.5,100,-82,100,-90.66666666666667,100,100,-92.5,100,100,100
-82,-87.09999999999999,-89.14285714285714,-81.125,100,-85.57142857142857,100,-88,-50.1,100,100,-62,-52,100,-77,-73.8,-83.25,-89.57142857142857,100,-81.40000000000001,100,-90,100,100,-92.5,100,100,100
-81.88888888888889,-86.8,-89.14285714285714,-81,100,-85.57142857142857,100,-87.90000000000001,-50.4,100,100,-61.5,-52.2,100,-76.77777777777777,-72.40000000000001,-83.125,-89.71428571428571,100,-81.90000000000001,100,-90,100,100,-92.5,100,100,100
-82,-86.5,-89.125,-81,100,-85.85714285714286,100,-87.90000000000001,-49.8,100,100,-61.25,-52.5,100,-76.44444444444444,-72.40000000000001,-82.875,-89.83333333333333,100,-82.3,100,-90.14285714285714,100,100,-92.5,100,100,100
-82,-86.8,-88.88888888888889,-80.88888888888889,100,-85.71428571428571,100,-87.90000000000001,-49.2,100,100,-62,-52.2,100,-76.44444444444444,-71.66666666666667,-82.875,-89.8,100,-82.3,100,-89.66666666666667,100,100,-92.28571428571429,100,100,100
-82.5,-86.59999999999999,-88.77777777777777,-80.90000000000001,100,-85.71428571428571,100,-87.7,-49.1,100,100,-62,-52.3,100,-76.5,-71.85714285714286,-83.125,-89.8,100,-82.2,100,-89.57142857142857,100,100,-92.5,100,100,100
-82.7,-86.8,-88.77777777777777,-81,100,-85.42857142857143,100,-87.7,-49.5,100,100,-62,-51.9,100,-76.625,-70.85714285714286,-83.625,-89,100,-82,100,-90,100,100,-92.5,100,100,100
-89,-90.14285714285714,-89.85714285714286,-87.5,100,-91,100,100,-47.5,100,100,-69.5,-56.8,-90.75,-79.75,-66.8,-84.25,100,100,-70.90000000000001,100,-94,100,100,-90.5,100,100,100
-88.44444444444444,-90.125,-89.875,-86.75,100,-91,100,100,-47.6,100,100,-69.59999999999999,-57.3,-90.40000000000001,-79.875,-66.8,-85,100,100,-70.8,100,-94.14285714285714,100,100,-90,100,100,100
-88.40000000000001,-89.66666666666667,-89.57142857142857,-86.11111111111111,100,-90.59999999999999,100,100,-48.3,100,100,-69.59999999999999,-57.6,-90.16666666666667,-79.125,-67,-85,100,100,-71.09999999999999,100,-94.16666666666667,100,100,-90.14285714285714,100,100,100
-87.8,-89.88888888888889,-89,-85.11111111111111,100,-90.40000000000001,100,-91,-48.8,100,100,-70,-59.1,-90.2,-79.125,-67,-85.11111111111111,100,100,-71.09999999999999,100,-94.16666666666667,100,100,-90.14285714285714,100,100,100
-87.59999999999999,-89.66666666666667,-88.57142857142857,-85.22222222222223,100,-90,100,-91.5,-49.1,100,100,-70,-58.5,-90.2,-78.375,-66.83333333333333,-84.66666666666667,100,100,-71.59999999999999,100,-92.85714285714286,100,100,-90.42857142857143,100,100,100
-87.7,-89.88888888888889,-87.71428571428571,-85.22222222222223,100,-90,100,-91.5,-49.3,100,100,-68.8,-57.8,-90.2,-77.88888888888889,-65.57142857142857,-83.88888888888889,100,100,-72.09999999999999,100,-92.42857142857143,100,100,-91.42857142857143,100,100,100
-88,-89.88888888888889,-88.85714285714286,-85.625,100,-90.2,100,-91.66666666666667,-49.6,100,100,-68,-58.7,-90.2,-77.77777777777777,-67.42857142857143,-83.77777777777777,100,100,-72.59999999999999,100,-91,100,100,-91.42857142857143,100,100,100
-88.5,-89.55555555555556,-88.5,-85.125,100,-90.2,100,-91.5,-50,100,100,-67,-59.3,-90.2,-77.25,-65.33333333333333,-83.66666666666667,100,100,-73.2,100,-90.57142857142857,100,100,-92,100,100,100
-89,-89.55555555555556,-87.75,-84,100,-90.2,100,-91.5,-50.3,100,100,-65,-60,-90,-76.625,-66.85714285714286,-83.66666666666667,100,100,-73.90000000000001,100,-89.83333333333333,100,100,-92.42857142857143,100,100,100
-88.5,-89.7,-87,-83.88888888888889,100,-90.16666666666667,100,-91.5,-50.8,100,100,-65,-60.2,-89.75,-76.22222222222223,-68.71428571428571,-83.75,100,100,-74.3,100,-89.33333333333333,100,100,-92.375,100,100,100
-90.3,-92,-93.40000000000001,-91.875,100,-91.42857142857143,100,100,-52,100,100,-74.40000000000001,-60.8,100,-73.125,-59.25,-82.11111111111111,100,100,-81.16666666666667,100,-90.625,100,100,-89,100,100,100
-90.40000000000001,-92,-93.40000000000001,-91.5,100,-91.5,100,100,-52.1,100,100,-74.40000000000001,-60,100,-72.25,-56.5,-82,100,100,-80.83333333333333,100,-90.125,100,100,-88.625,100,100,100
-90.3,-92,-93.40000000000001,-91.5,100,-91.28571428571429,100,100,-52.5,100,100,-74.25,-61,100,-71.5,-57,-81.44444444444444,100,100,-82.40000000000001,100,-89.875,100,100,-89,100,100,100
-90.40000000000001,-92,-93.25,-91.28571428571429,100,-91.25,100,100,-52.7,100,100,-74,-61.7,100,-71.14285714285714,-55.5,-81.75,100,100,-82.40000000000001,100,-89.75,100,100,-88.75,100,100,100
-90.8,-91.85714285714286,-93.33333333333333,-91.33333333333333,100,-91.14285714285714,100,100,-52.8,100,100,-75.5,-62,100,-70.85714285714286,-55.5,-82.125,100,100,-82.16666666666667,100,-89,100,100,-88.42857142857143,100,100,100
-90.90000000000001,-91.83333333333333,-93.5,-92.16666666666667,100,-91.16666666666667,100,100,-52.5,100,100,-75.5,-60.5,100,-70.57142857142857,-56.25,-82.25,100,100,-82.16666666666667,100,-89.625,100,100,-88.28571428571429,100,100,100
-91.3,-91.5,-93.5,-92.28571428571429,100,-91.2,100,100,-52.5,100,100,-75.5,-59.9,100,-70.42857142857143,-56.75,-82.42857142857143,100,100,-81.85714285714286,100,-88.77777777777777,100,100,-88.25,100,100,100
-91.5,-91.5,-93.5,-92.66666666666667,100,-91.2,100,100,-52.2,100,100,-74.66666666666667,-60,100,-71.125,-56.8,-83.28571428571429,100,100,-81.71428571428571,100,-88.66666666666667,100,100,-88.14285714285714,100,100,100
-91.5,-91.71428571428571,-94,-92.5,100,-91.59999999999999,100,100,-52.8,100,100,-74.66666666666667,-60,100,-71,-56.83333333333334,-84.14285714285714,100,100,-81.66666666666667,100,-88,100,100,-88.28571428571429,100,100,100
-91.59999999999999,-91.71428571428571,-94,-92.40000000000001,100,-91.59999999999999,100,100,-53.4,100,100,-74,-60.7,100,-70.88888888888889,-56.71428571428572,-83.625,100,100,-81,100,-88.40000000000001,100,100,-88.57142857142857,100,100,100
-93.66666666666667,-92.11111111111111,-92.5,-90.2,100,-92,100,-92.125,-54.5,100,100,-80,-64.09999999999999,100,-74.75,-61,-81.625,100,100,-81.44444444444444,100,-84.375,100,100,-92.875,100,100,100
-93.66666666666667,-91.55555555555556,-92.66666666666667,-90.5,100,-92,100,-92.22222222222223,-53.3,100,100,-79.5,-63.9,100,-75.375,-61,-81.625,100,100,-81,100,-84.375,100,100,-92.75,100,100,100
-93.66666666666667,-91.66666666666667,-92.75,-90.71428571428571,100,100,100,-92.25,-52.6,100,100,-79.5,-64.90000000000001,100,-75.75,-60,-81.875,100,100,-81,100,-84.375,100,100,-92.77777777777777,100,100,100
-93,-91.66666666666667,-92.75,-90.75,100,100,100,-92.28571428571429,-52.8,100,100,-79.83333333333333,-64.09999999999999,100,-75.77777777777777,-59.28571428571428,-81.85714285714286,100,100,-81.25,100,-84.125,100,100,-92.875,100,100,100
-93,-91.33333333333333,-93,-90.875,100,100,100,-92.33333333333333,-53.8,100,100,-79.8,-63.1,100,-75.66666666666667,-58.83333333333334,-82,100,100,-80.125,100,-84.75,100,100,-92.625,100,100,100
-92.8,-90.33333333333333,-93,-90.88888888888889,100,100,100,-92.83333333333333,-53.8,100,100,-79,-63.3,-90,-75.55555555555556,-60,-81.85714285714286,-91,100,-79.75,100,-85.125,100,100,-92.42857142857143,100,100,100
-91.40000000000001,-89.88888888888889,-91.66666666666667,-90.88888888888889,100,100,100,-92.83333333333333,-53.2,100,100,-77.40000000000001,-63.1,-88,-75,-59.85714285714285,-81.875,-91,100,-80.25,100,-85.75,100,100,-92.28571428571429,100,100,100
-90.8,-89.66666666666667,-91.25,-90.66666666666667,100,-91,100,-92.8,-52.8,100,100,-76.33333333333333,-63.3,-88.66666666666667,-74.55555555555556,-58,-81.875,-91,100,-81,100,-86.25,100,100,-92.625,100,100,100
-90.83333333333333,-89.375,-91,-90.55555555555556,100,-89.5,100,-93,-52.6,100,100,-76.33333333333333,-62.9,-88.75,-74.59999999999999,-57.57142857142857,-81.875,-91.33333333333333,100,-80.5,100,-86.875,100,100,-92.42857142857143,100,100,100
-90.2,-88.25,-90.66666666666667,-90.55555555555556,100,-89.5,100,-93,-52.3,100,100,-74.33333333333333,-62.4,-88.8,-74.33333333333333,-57.57142857142857,-81.875,-91.33333333333333,100,-80,100,-87.125,100,100,-92.33333333333333,100,100,100
-87.625,-90.125,-91.57142857142857,-88.625,100,-92,100,-92,-48.8,100,100,-78.5,-58.6,-91,-71.22222222222223,-58,-84.85714285714286,100,100,-74.625,100,-88.28571428571429,100,100,-89,100,100,100
-87,-90,-91.5,-87.5,100,-91,100,-91.40000000000001,-48.1,100,100,-78,-59.1,-91,-71.11111111111111,-59.71428571428572,-84.875,100,100,-74.875,100,-88.71428571428571,100,100,-89,100,100,100
-86.375,-89.875,-91.42857142857143,-86.625,100,-91,100,-91.40000000000001,-47.6,100,100,-77.66666666666667,-58.2,-91,-71,-61.33333333333334,-85.5,100,100,-75.25,100,-89.25,100,100,-89,100,100,100
-86.22222222222223,-89.625,-91.42857142857143,-86.75,100,-91.33333333333333,100,-91.5,-47.4,100,100,-77.71428571428571,-57.9,-91.5,-70.88888888888889,-63.16666666666666,-85.57142857142857,100,100,-75,100,-89,100,100,-89,100,100,100
-86.09999999999999,-89.625,-91.28571428571429,-86.75,100,-91.25,100,-91.42857142857143,-47.5,100,100,-78.14285714285714,-57.2,-91.5,-70.88888888888889,-63.16666666666666,-85.5,100,100,-75.125,100,-89.75,100,100,-89,100,100,100
-85.5,-89,-91.28571428571429,-86.75,100,-91.2,100,-91.25,-47.9,100,100,-77.33333333333333,-56.7,-91.5,-71.11111111111111,-64,-85.44444444444444,100,100,-74.5,100,-89.44444444444444,100,100,-90.33333333333333,100,100,100
-85,-89,-91,-86.57142857142857,100,-91.33333333333333,100,-91.25,-48.4,100,100,-77.42857142857143,-57.3,-92,-71.3,-64.33333333333333,-85.88888888888889,100,100,-74.66666666666667,100,-88.88888888888889,100,100,-91.5,100,100,100
-84.59999999999999,-88.75,-91,-85.42857142857143,100,-91.5,100,-91.25,-48.5,100,100,-77.42857142857143,-58.1,-92,-71.33333333333333,-66.66666666666667,-85.55555555555556,100,100,-74.55555555555556,100,-88.88888888888889,100,100,-91.42857142857143,100,100,100
-84.40000000000001,-88.375,-90.875,-84.85714285714286,100,-91.5,100,-91.25,-48,100,100,-77,-58.6,100,-70.77777777777777,-64.59999999999999,-85.33333333333333,100,100,-74.33333333333333,100,-89,100,100,-92,100,100,100
-84.40000000000001,-88.33333333333333,-90.875,-84.75,100,-91.5,100,-91.33333333333333,-48.2,100,100,-76.83333333333333,-59.7,100,-70.44444444444444,-64.59999999999999,-85,100,100,-74.66666666666667,100,-88.33333333333333,100,100,-92.25,100,100,100
-92.66666666666667,100,-92.25,-89.66666666666667,100,-92,100,100,-47.6,100,100,-76,-61.2,100,-76,-61,-84.77777777777777,100,100,-75.3,100,-87.40000000000001,100,100,-85,100,100,100
-92.55555555555556,100,-92.11111111111111,-89.5,100,-92,100,100,-47.5,100,100,-76,-60.9,100,-75.875,-61,-85,100,100,-75.44444444444444,100,-87.5,100,100,-85.125,100,100,100
-92.66666666666667,100,-91.88888888888889,-89.14285714285714,100,-92,100,100,-47.1,100,100,-75.59999999999999,-60.3,100,-75.375,-61.25,-84.375,100,100,-76.11111111111111,100,-87.40000000000001,100,100,-84.625,100,100,100
-92.7,100,-91.88888888888889,-89.57142857142857,100,-92,100,100,-47,100,100,-75,-59.9,100,-75.33333333333333,-61.75,-84,100,100,-76.55555555555556,100,-87.09999999999999,100,100,-84.625,100,100,100
-92.8,100,-92.22222222222223,-90.14285714285714,100,-92,100,100,-46.9,100,100,-75,-58.2,100,-75.44444444444444,-61.75,-84.57142857142857,100,100,-76.44444444444444,100,-87.59999999999999,100,100,-84.71428571428571,100,100,100
-92.88888888888889,100,-92.11111111111111,-89,100,-92,100,100,-46.9,100,100,-74.66666666666667,-57.9,100,-75.55555555555556,-62.25,-85.14285714285714,100,100,-76.77777777777777,100,-87,100,100,-84.83333333333333,100,100,100
-93.11111111111111,100,-92.11111111111111,-88.625,100,-92.5,100,100,-46.8,100,100,-74.16666666666667,-57.9,100,-75.625,-61.33333333333334,-85.57142857142857,100,100,-77.44444444444444,100,-86.90000000000001,100,100,-85.33333333333333,100,100,100
-93.22222222222223,100,-92.09999999999999,-88.5,100,-93,100,100,-46.6,100,100,-74.2,-56.7,100,-75.75,-61,-85.57142857142857,100,100,-77.44444444444444,100,-87.5,100,100,-85.28571428571429,100,100,100
-93.11111111111111,100,-92.11111111111111,-89.125,100,-93,100,100,-46.6,100,100,-74.2,-57.3,100,-75.77777777777777,-60.6,-85.42857142857143,100,100,-77.66666666666667,100,-87.2,100,100,-85.14285714285714,100,100,100
-93.11111111111111,-92,-92.11111111111111,-89.42857142857143,100,-93,100,100,-46.7,100,100,-74.2,-57.2,100,-75.77777777777777,-60.75,-85.14285714285714,100,100,-77.55555555555556,100,-87.09999999999999,100,100,-84.85714285714286,100,100,100
-92.09999999999999,-90.42857142857143,-94,-92.5,100,-91.66666666666667,100,100,-52.7,100,100,-79.2,-59.4,-93,-70.44444444444444,-53,-83,100,100,-85.16666666666667,100,-88.8,100,100,-84.875,100,100,100
-92.09999999999999,-90.28571428571429,-94,-92.5,100,-91.66666666666667,100,100,-52.2,100,100,-81.2,-59.5,-93,-70.55555555555556,-53.16666666666666,-83.125,100,100,-85.71428571428571,100,-88.33333333333333,100,100,-85.125,100,100,100
-92.09999999999999,-90.25,-93.5,-92,100,-92,100,100,-52,100,100,-82.5,-59.3,-93,-70.77777777777777,-53.16666666666666,-83,100,100,-86.28571428571429,100,-88,100,100,-85.14285714285714,100,100,100
-92.2,-90.125,-93,-91,100,-91.25,100,100,-51.6,100,100,-83,-59.3,-93,-71.22222222222223,-53,-83,100,100,-86.125,100,-88.11111111111111,100,100,-85.66666666666667,100,100,100
-92.40000000000001,-89.875,-93,-90.66666666666667,100,-90.59999999999999,100,100,-52.2,100,100,-80.5,-59.3,-92.5,-71,-54.57142857142857,-83.11111111111111,-90,100,-85.77777777777777,100,-88.11111111111111,100,100,-85.16666666666667,100,100,100
-92.44444444444444,-89.85714285714286,-92,-89.66666666666667,100,-90.33333333333333,100,100,-53.2,100,100,-80.5,-57,-92,-71.09999999999999,-54.83333333333334,-83.11111111111111,-90,100,-85.77777777777777,100,-88,100,100,-85.42857142857143,100,100,100
-92.22222222222223,-89.85714285714286,-91.66666666666667,-88.83333333333333,100,-90,100,100,-53.8,100,100,-80.5,-57.2,-91.75,-71.2,-54.42857142857143,-82.88888888888889,-90,100,-85.88888888888889,100,-88.11111111111111,100,100,-85.57142857142857,100,100,100
-92.25,-89.875,-91.5,-88.16666666666667,100,-89.71428571428571,100,100,-54.1,100,100,-80.66666666666667,-56.9,-91.59999999999999,-71.09999999999999,-54.125,-82.55555555555556,-90,100,-85.875,100,-88,100,100,-86,100,100,100
-92.375,-89.44444444444444,-91.8,-88.14285714285714,100,-89.57142857142857,100,100,-54.4,100,100,-80,-56.8,-91.25,-70.90000000000001,-54.57142857142857,-81.88888888888889,-90,100,-85.625,100,-88.22222222222223,100,100,-86,100,100,100
-92.25,-89,-92,-88.25,100,-89.75,100,100,-54.5,100,100,-80,-56.5,-91.2,-71,-54.66666666666666,-81.88888888888889,-90,100,-84.625,100,-87.44444444444444,100,100,-86.25,100,100,100
-92.5,-92,-92.5,-90.42857142857143,100,-92,100,-91,-49.5,100,100,-78,-61.1,-89,-71.33333333333333,-59.2,-84.77777777777777,100,100,-81,100,-90.22222222222223,100,100,-86,100,100,100
-91.42857142857143,-91.75,-92.5,-90.42857142857143,100,-92,100,-91,-48.8,100,100,-78,-61.2,-89,-71.66666666666667,-59.2,-85,-90,100,-80,100,-90.55555555555556,100,100,-85.71428571428571,100,100,100
-91.5,-91.2,-92.2,-90,100,-91,100,-91,-48.1,100,100,-78,-61.1,-89,-71.66666666666667,-59.25,-84.88888888888889,-90,100,-78.85714285714286,100,-89.88888888888889,100,100,-85.75,100,100,100
-91.5,-91,-92.40000000000001,-89.88888888888889,100,-90.66666666666667,100,-91,-47.4,100,100,-78,-61.3,-90,-70.625,-59.25,-84.77777777777777,-90,100,-78.25,100,-89.11111111111111,100,100,-85.57142857142857,100,100,100
-91.375,-91.2,-92.59999999999999,-89.11111111111111,100,-90.75,100,-91,-47.1,100,100,-77.33333333333333,-60.7,-90,-72.125,-59.2,-84.44444444444444,-90,100,-77.125,100,-89.40000000000001,100,100,-85.42857142857143,100,100,100
-91.25,-90.40000000000001,-92.75,-88.66666666666667,100,-90.8,100,-90.66666666666667,-46.5,100,100,-76.5,-60.7,-90,-72.125,-59.5,-85.11111111111111,-91.5,100,-76.125,100,-89.33333333333333,100,100,-85.28571428571429,100,100,100
-90.875,-91,-92.59999999999999,-88.11111111111111,100,-90.8,100,-91,-45.8,100,100,-76.5,-60.9,-90,-71.77777777777777,-58.28571428571428,-85.5,-91.5,100,-75.77777777777777,100,-88.44444444444444,100,100,-85.25,100,100,100
-90.55555555555556,-91,-92.5,-87.55555555555556,100,-90.8,100,-91,-45.1,100,100,-77,-61.3,-90,-72.88888888888889,-56.57142857142857,-86,-91.5,100,-75.5,100,-88.88888888888889,100,100,-85,100,100,100
-90.66666666666667,-90.75,-92.57142857142857,-87.66666666666667,100,-90.66666666666667,100,-91,-44.6,100,100,-77,-61.8,-90,-73.22222222222223,-56.14285714285715,-86.625,-91.5,100,-74.8,100,-89.22222222222223,100,100,-84.875,100,100,100
-90.5,-90.66666666666667,-92.5,-87,100,-90.40000000000001,100,-91.2,-44.2,100,100,-76.66666666666667,-62.2,-90.66666666666667,-72,-54.42857142857143,-86.77777777777777,-91.5,100,-73.90000000000001,100,-89.33333333333333,100,100,-84.88888888888889,100,100,100
-93.33333333333333,-92,-94,-92.8,100,-90.5,100,100,-56,100,100,-73,-64.8,-90,-62.28571428571428,-56.14285714285715,-81,100,100,-80.44444444444444,100,-87.5,100,100,-81.625,100,100,100
-94,-91,-94,-91.83333333333333,100,-90.5,100,-87,-55.4,100,100,-73,-66.2,-89,-61.57142857142857,-56,-81.33333333333333,100,100,-80.22222222222223,100,-87.09999999999999,100,100,-81.5,100,100,100
-94,-90.40000000000001,-94,-91.57142857142857,100,-90,100,-88,-54.4,100,100,-72.66666666666667,-65.90000000000001,-88.5,-61.57142857142857,-56.28571428571428,-81.33333333333333,100,100,-79.88888888888889,100,-87.3,100,100,-81.42857142857143,100,100,100
-93.59999999999999,-89.83333333333333,-93.66666666666667,-91.25,100,-89.75,100,-88,-53.8,100,100,-72.5,-66.2,-88,-61.5,-55.85714285714285,-81.44444444444444,100,100,-80.25,100,-87.5,100,100,-81.57142857142857,100,100,100
-93.8,-89.28571428571429,-93.66666666666667,-90.875,100,-89.59999999999999,100,-88,-53.1,100,100,-72.5,-64.3,-87.5,-61.375,-55.42857142857143,-81.55555555555556,100,100,-79.75,100,-87.59999999999999,100,100,-81.5,100,100,100
-94,-89,-93.66666666666667,-90.375,100,-89.59999999999999,100,-88.2,-52.8,100,100,-72.5,-63.1,-86.83333333333333,-61.22222222222222,-56,-81.66666666666667,100,100,-79.625,100,-88.44444444444444,100,100,-81.33333333333333,100,100,100
-93.8,-88.88888888888889,-93.66666666666667,-89.75,100,-89.66666666666667,100,-88.33333333333333,-52.7,100,100,-72.5,-62.2,-86.85714285714286,-61.2,-56.14285714285715,-81.8,100,100,-79.5,100,-88.33333333333333,100,100,-81.33333333333333,100,100,100
-93.8,-88.5,-93.66666666666667,-89,100,-89.66666666666667,100,-88.57142857142857,-52.1,100,100,-72.5,-61.6,-86.75,-61.2,-56.66666666666666,-82.09999999999999,100,100,-79.42857142857143,100,-88.375,100,100,-81.71428571428571,100,100,100
-94,-88.33333333333333,-93.33333333333333,-88.25,100,-89.57142857142857,100,-88.5,-52.1,100,100,-72.5,-61.5,-86.77777777777777,-61.2,-56.57142857142857,-82.09999999999999,100,100,-79,100,-89.25,100,100,-81.85714285714286,100,100,100
-94,-87.55555555555556,-93.33333333333333,-88.11111111111111,100,-89.42857142857143,100,-88.55555555555556,-51.5,100,100,-72.5,-60.3,-86.8,-61.2,-56.66666666666666,-82.09999999999999,100,100,-78.75,100,-89.125,100,100,-82.42857142857143,100,100,100
-90.75,-92.5,-91.875,-89.2,100,-90.5,100,-91.66666666666667,-56.2,100,100,-78.8,-64.40000000000001,-90.16666666666667,-68.85714285714286,-63.2,-81.25,100,100,-77.22222222222223,100,-83.88888888888889,100,100,-83.2,100,100,100
-91,-92.2,-91.75,-89.33333333333333,100,-90.66666666666667,100,-91.66666666666667,-56.5,100,100,-78.8,-63.7,-89.83333333333333,-68.42857142857143,-62.5,-80.88888888888889,100,100,-76.66666666666667,100,-83.44444444444444,100,100,-83.33333333333333,100,100,100
-91,-91.8,-91.25,-88.83333333333333,100,-91,100,-91.66666666666667,-56.4,100,100,-79,-63.4,-89.71428571428571,-68.42857142857143,-62.75,-81,100,100,-76.66666666666667,100,-83.11111111111111,100,100,-83.11111111111111,100,100,100
-91,-91.8,-90.875,-89.83333333333333,100,-91,100,-91.33333333333333,-56.5,100,100,-78.40000000000001,-62.8,-89.71428571428571,-69,-61.8,-81,100,100,-76.77777777777777,100,-82.77777777777777,100,100,-83,100,100,100
-91,-92.2,-90.875,-90,100,-91,100,-91,-56.4,100,100,-78,-62.6,-89.5,-69.14285714285714,-65.66666666666667,-81,100,100,-76.44444444444444,100,-83.55555555555556,100,100,-83,100,100,100
-90.5,-92.2,-90.85714285714286,-90.5,100,-91,100,-91,-56.2,100,100,-77.85714285714286,-62.4,-89.125,-69.125,-64.14285714285714,-81.375,100,100,-76.33333333333333,100,-82.44444444444444,100,100,-83.5,100,100,100
-89.75,-92.33333333333333,-90.71428571428571,-90.33333333333333,100,-91.2,100,-91,-56.2,100,100,-78.16666666666667,-62.7,-88.75,-69,-63.33333333333334,-81.5,100,100,-75.77777777777777,100,-82.33333333333333,100,100,-83.75,100,100,100
-89.77777777777777,-92.42857142857143,-90.66666666666667,-90.57142857142857,100,-91.5,100,-91,-55.7,100,100,-77.40000000000001,-62.3,-88.66666666666667,-69.25,-65.33333333333333,-82.25,100,100,-75.7,100,-82.11111111111111,100,100,-84.125,100,100,100
-89.33333333333333,-92.28571428571429,-90.66666666666667,-90.875,100,-91.42857142857143,100,-91,-55.7,100,100,-77.40000000000001,-62.3,-88.44444444444444,-69,-65.33333333333333,-82.57142857142857,100,100,-75.3,100,-81.66666666666667,100,100,-84.14285714285714,100,100,100
-89.55555555555556,-92.25,-90.33333333333333,-90.75,100,-91.42857142857143,100,-90.625,-55,100,100,-76.5,-61.9,-88.11111111111111,-69,-66.40000000000001,-82.71428571428571,100,100,-75.3,100,-81.77777777777777,100,100,-84,100,100,100
-94,100,100,100,100,100,100,100,-63.7,100,100,-84.59999999999999,-71.3,100,-56.66666666666666,-75.59999999999999,-68.75,100,100,-82.44444444444444,100,-75.40000000000001,100,100,-71.5,100,100,100
-94,100,100,100,100,100,100,100,-63.6,100,100,-84.59999999999999,-71.09999999999999,100,-56.375,-73.59999999999999,-68.375,100,100,-82.33333333333333,100,-75.40000000000001,100,100,-71.125,100,100,100
-94,-91,100,100,100,100,100,100,-63.4,100,100,-84.59999999999999,-71.2,100,-56.875,-73,-68.71428571428571,100,100,-82,100,-74.59999999999999,100,100,-71.125,100,100,100
-94.5,-91,100,-93,100,100,100,100,-62.7,100,100,-84.5,-71,100,-56.75,-73,-68.85714285714286,100,100,-81.66666666666667,100,-74.5,100,100,-71.125,100,100,100
-94.33333333333333,-91.5,100,-92,100,100,100,100,-62,100,100,-84.83333333333333,-71.40000000000001,100,-56.375,-73,-69,100,100,-81,100,-75.09999999999999,100,100,-71.25,100,100,100
-94,-91.66666666666667,100,-92,100,100,100,100,-61,100,100,-84.83333333333333,-71.09999999999999,100,-56.22222222222222,-72,-69.25,100,100,-80.22222222222223,100,-76,100,100,-71.25,100,100,100
-94,-91.75,100,-92,100,100,100,100,-61,100,100,-85,-70.7,100,-56.77777777777778,-72,-69.25,100,100,-79.55555555555556,100,-75.90000000000001,100,100,-71.25,100,100,100
-94,-92,100,-92,100,100,100,100,-60.9,100,100,-84.8,-70.5,100,-56.44444444444444,-72.125,-69.5,100,100,-79.11111111111111,100,-76.09999999999999,100,100,-71.375,100,100,100
-94,-92.33333333333333,100,-92,100,100,100,100,-60.7,100,100,-83.75,-70.3,100,-56.25,-71.57142857142857,-69.625,100,100,-79.09999999999999,100,-76.40000000000001,100,100,-71.125,100,100,100
-94,-92.33333333333333,-93,-92,100,100,100,100,-61.1,100,100,-83.75,-70.2,100,-56,-73,-69.55555555555556,100,100,-78.7,100,-76.40000000000001,100,100,-71.5,100,100,100
100,100,100,100,100,100,100,100,-61.7,100,100,-89.2,-76.66666666666667,100,-60.125,-73.5,-68.55555555555556,100,100,-81.5,100,-75.09999999999999,100,100,-80.25,100,100,100
100,100,100,100,100,100,100,100,-61.3,100,100,-88.66666666666667,-75.88888888888889,100,-59.75,-73.42857142857143,-68.44444444444444,100,100,-81.88888888888889,100,-74.90000000000001,100,100,-78.875,100,100,100
100,100,100,100,100,100,100,100,-60.5,100,100,-89.2,-76.11111111111111,100,-60,-73.16666666666667,-68.5,100,100,-81.5,100,-74.59999999999999,100,100,-78.875,100,100,100
100,100,100,100,100,100,100,100,-60,100,100,-88.75,-76.09999999999999,100,-60,-73,-68.44444444444444,100,100,-82.25,100,-75.5,100,100,-78.875,100,100,100
100,100,100,100,100,100,100,100,-60.3,100,100,-88.66666666666667,-76.7,100,-60,-73,-69,100,100,-83.25,100,-75.40000000000001,100,100,-79.28571428571429,100,100,100
100,100,100,100,100,100,100,100,-60.3,100,100,-88.66666666666667,-76.90000000000001,100,-60.3,-72.33333333333333,-69.22222222222223,100,100,-83,100,-75.40000000000001,100,100,-78.83333333333333,100,100,100
100,100,100,100,100,100,100,100,-60.8,100,100,-88.5,-76.40000000000001,100,-60.1,-73.2,-69.44444444444444,100,100,-82.875,100,-75.09999999999999,100,100,-78,100,100,100
100,100,100,100,100,100,100,100,-60.8,100,100,-87.5,-75.90000000000001,100,-60.2,-72.5,-69.33333333333333,100,100,-82.625,100,-75,100,100,-77.16666666666667,100,100,100
100,100,100,100,100,100,100,100,-60.6,100,100,-87.5,-75.2,100,-59.9,-72,-69.22222222222223,100,100,-82.5,100,-74.09999999999999,100,100,-77,100,100,100
100,100,100,100,100,100,100,100,-60.5,100,100,-86.8,-74.90000000000001,100,-59.8,-69.66666666666667,-69.33333333333333,100,100,-82.25,100,-75,100,100,-75.71428571428571,100,100,100
100,100,100,-92.5,100,100,100,100,-62.9,100,100,-88,-74.66666666666667,100,-56.8,-74.33333333333333,-71.5,100,100,-80.09999999999999,100,-72,100,100,-80.375,100,100,100
100,100,100,-92.5,100,100,100,100,-63.8,100,100,-88,-75.33333333333333,100,-56.5,-74,-71.5,100,100,-79.77777777777777,100,-72.3,100,100,-80.22222222222223,100,100,100
100,100,100,-92.5,100,100,100,100,-63.1,100,100,-87.66666666666667,-75.88888888888889,100,-56.5,-74.8,-71.7,100,100,-79.88888888888889,100,-72.3,100,100,-81.33333333333333,100,100,100
100,100,100,-92.5,100,100,100,100,-62.3,100,100,-87.75,-76.11111111111111,100,-56.2,-74.40000000000001,-71.88888888888889,100,100,-80,100,-72.5,100,100,-81.88888888888889,100,100,100
100,100,100,-92.5,100,100,100,100,-62.1,100,100,-87.59999999999999,-75.44444444444444,100,-57.3,-73.5,-71.66666666666667,100,100,-80,100,-72.8,100,100,-81.33333333333333,100,100,100
100,100,100,-92.5,100,100,100,100,-62.5,100,100,-87.59999999999999,-75.55555555555556,100,-57.1,-72.33333333333333,-71.55555555555556,100,100,-80.11111111111111,100,-72.90000000000001,100,100,-81,100,100,100
100,100,100,-92.5,100,100,100,100,-63.3,100,100,-86.75,-74.66666666666667,100,-56.1,-71.85714285714286,-71.44444444444444,100,100,-79.77777777777777,100,-73.09999999999999,100,100,-80.3,100,100,100
100,100,100,-92.33333333333333,100,100,100,100,-63.4,100,100,-87.59999999999999,-74.66666666666667,100,-55.1,-70.71428571428571,-71,100,100,-79.66666666666667,100,-73.59999999999999,100,100,-80.59999999999999,100,100,100
100,100,100,-92.33333333333333,100,100,100,100,-63.6,100,100,-87.59999999999999,-75.66666666666667,100,-54.9,-70.71428571428571,-70.88888888888889,100,100,-79.33333333333333,100,-73.90000000000001,100,100,-80.22222222222223,100,100,100
100,100,100,-92.5,100,100,100,100,-63.4,100,100,-87.59999999999999,-76.09999999999999,100,-53.7,-70.375,-70.88888888888889,100,100,-78.88888888888889,100,-74.09999999999999,100,100,-80.88888888888889,100,100,100
-94,100,100,-93,100,100,100,100,-59.4,100,100,-86.5,-72.90000000000001,100,-58.11111111111111,-70.8,-71.66666666666667,100,100,-76.5,100,-77.59999999999999,100,100,-75.25,100,100,100
-94,100,100,-93,100,100,100,100,-58.9,100,100,-86.33333333333333,-73.11111111111111,100,-58.22222222222222,-70.8,-70.88888888888889,100,100,-76.59999999999999,100,-78.3,100,100,-75.25,100,100,100
-94,100,100,-93,100,100,100,100,-58.4,100,100,-85.8,-72.22222222222223,100,-58.44444444444444,-70.5,-70.88888888888889,100,100,-76.7,100,-78.5,100,100,-75,100,100,100
-94,-92,100,-93,100,100,100,100,-57.9,100,100,-85.25,-71.44444444444444,100,-57.66666666666666,-70.75,-70.55555555555556,100,100,-76.8,100,-79,100,100,-74.75,100,100,100
-94,-92,100,-93,100,100,100,100,-57.5,100,100,-85.66666666666667,-70.66666666666667,100,-57,-70.33333333333333,-70.25,100,100,-77.11111111111111,100,-79.5,100,100,-74.5,100,100,100
-94,-92,100,-93,100,100,100,100,-56.9,100,100,-85.66666666666667,-69.77777777777777,100,-56.8,-70.5,-70.625,100,100,-77.44444444444444,100,-79.5,100,100,-74.11111111111111,100,100,100
-94,-92,100,-93,100,100,100,100,-56.4,100,100,-85.66666666666667,-69,100,-56.4,-70.5,-70,100,100,-77.11111111111111,100,-79.2,100,100,-74,100,100,100
100,-92,100,-93,100,100,100,100,-56.1,100,100,-86,-68.44444444444444,100,-56.8,-71,-69.5,100,100,-77.33333333333333,100,-78.40000000000001,100,100,-74.125,100,100,100
100,-92,100,-94,100,100,100,100,-56.1,100,100,-85,-67.88888888888889,100,-56.5,-70.75,-69.75,100,100,-77.11111111111111,100,-78.90000000000001,100,100,-74.125,100,100,100
100,-92,100,-94,100,100,100,100,-56.1,100,100,-85,-67.77777777777777,100,-56.5,-71,-69.71428571428571,100,100,-77.77777777777777,100,-78,100,100,-74.11111111111111,100,100,100
100,100,100,100,100,-93,100,100,-62.3,100,100,-82.2,-72.09999999999999,100,-66.40000000000001,-73.5,-72.09999999999999,100,100,-73.59999999999999,100,-76.8,100,100,-68.5,100,100,100
100,100,100,100,100,-93,100,100,-61,100,100,-82.2,-71.2,100,-66.09999999999999,-72.28571428571429,-72.8,100,100,-73.40000000000001,100,-76.40000000000001,100,100,-67.625,100,100,100
100,100,100,100,100,-93,100,100,-59.7,100,100,-81.40000000000001,-71,100,-66.3,-72.28571428571429,-73.2,100,100,-73.09999999999999,100,-76.09999999999999,100,100,-68.25,100,100,100
100,100,100,100,100,-93,100,100,-59.8,100,100,-81,-71.09999999999999,100,-65.59999999999999,-72.16666666666667,-73.2,100,100,-72.90000000000001,100,-75.7,100,100,-69.5,100,100,100
100,100,100,100,100,100,100,100,-60.7,100,100,-80.2,-71.09999999999999,100,-65.8,-72,-73,100,100,-73.09999999999999,100,-75.8,100,100,-69.22222222222223,100,100,100
100,100,100,100,100,100,100,100,-61.7,100,100,-79.75,-71.40000000000001,100,-65.7,-72.40000000000001,-72.66666666666667,100,100,-73.5,100,-75.90000000000001,100,100,-69.375,100,100,100
100,100,100,100,100,100,100,100,-62.3,100,100,-79.25,-71.09999999999999,100,-65.5,-72.25,-72,100,100,-73.7,100,-75.7,100,100,-69.28571428571429,100,100,100
100,100,100,100,100,100,100,100,-61.3,100,100,-79.25,-70.8,100,-65.40000000000001,-72.40000000000001,-71.55555555555556,100,100,-74.5,100,-75.40000000000001,100,100,-69.71428571428571,100,100,100
100,100,100,100,100,100,100,100,-60.9,100,100,-80.59999999999999,-70.2,100,-65.09999999999999,-72.59999999999999,-71.25,100,100,-74.09999999999999,100,-75.3,100,100,-69.71428571428571,100,100,100
100,100,100,100,100,100,100,100,-59.8,100,100,-80.59999999999999,-70.5,100,-65.2,-73.40000000000001,-70,100,100,-73.7,100,-75.2,100,100,-69.57142857142857,100,100,100
100,100,100,100,100,100,100,100,-63.7,100,100,-85.25,-78.59999999999999,100,-76.22222222222223,-80.75,-62.2,100,100,-63.6,100,-81.3,100,100,-65.5,100,100,100
100,100,100,100,100,100,100,100,-64.09999999999999,100,100,-83.25,-78.3,100,-76,-80,-61.4,100,100,-63.6,100,-80.5,100,100,-64.77777777777777,100,100,100
100,100,100,100,100,100,100,100,-64,100,100,-83.25,-78.33333333333333,100,-76.125,-79.625,-61.44444444444444,100,100,-63.6,100,-81.2,100,100,-64.44444444444444,100,100,100
100,100,100,100,100,100,100,100,-64.3,100,100,-83.8,-78,100,-76.14285714285714,-78.75,-61.625,100,100,-63.7,100,-80.90000000000001,100,100,-64,100,100,100
100,100,100,100,100,100,100,100,-64.40000000000001,100,100,-83.75,-78.33333333333333,100,-76.28571428571429,-79,-60.875,100,100,-63.8,100,-80.88888888888889,100,100,-64.88888888888889,100,100,100
100,100,100,100,100,100,100,100,-64.2,100,100,-84.33333333333333,-78.55555555555556,100,-75.85714285714286,-78.22222222222223,-61.25,100,100,-63.8,100,-80.88888888888889,100,100,-64.66666666666667,100,100,100
100,100,100,100,100,100,100,100,-64.3,100,100,-84.33333333333333,-78.66666666666667,100,-75.75,-77.75,-60.375,100,100,-63.7,100,-80.77777777777777,100,100,-65.11111111111111,100,100,100
100,100,100,100,100,100,100,100,-64.5,100,100,-83.5,-79.44444444444444,100,-75.875,-77.375,-60.5,100,100,-63.7,100,-80.66666666666667,100,100,-64.44444444444444,100,100,100
100,100,100,100,100,100,100,100,-65,100,100,-83.5,-79.44444444444444,100,-76,-77,-59.875,100,100,-63.8,100,-80.55555555555556,100,100,-64.125,100,100,100
100,100,100,100,100,100,100,100,-65.8,100,100,-83.5,-79.44444444444444,100,-75.875,-77,-59.42857142857143,100,100,-63.6,100,-80.55555555555556,100,100,-64.5,100,100,100
100,100,100,100,100,100,100,100,-59.7,100,100,-88,-80.22222222222223,100,-70.57142857142857,-80.66666666666667,-59,100,100,-67.7,100,-82.5,100,100,-60.75,100,100,100
100,100,100,100,100,100,100,100,-60.6,100,100,-88,-79.55555555555556,100,-71.875,-80.66666666666667,-57.75,100,100,-67.3,100,-82,100,100,-60.85714285714285,100,100,100
100,100,100,100,100,100,100,100,-60.4,100,100,-87.55555555555556,-79,100,-72.375,-79.8,-58.11111111111111,100,100,-67.3,100,-81.25,100,100,-60.42857142857143,100,100,100
100,100,100,-94,100,100,100,100,-60.5,100,100,-87,-78.66666666666667,100,-72.85714285714286,-79.5,-58.11111111111111,100,100,-66.8,100,-81.25,100,100,-60.57142857142857,100,100,100
100,100,100,-94,100,100,100,100,-60.2,100,100,-86,-78.2,100,-72.125,-79.40000000000001,-57.75,100,100,-66.59999999999999,100,-81.33333333333333,100,100,-60.57142857142857,100,100,100
-95,100,100,-94,100,100,100,100,-59.8,100,100,-85.5,-77.90000000000001,100,-72.28571428571429,-78.25,-57.28571428571428,100,100,-66.90000000000001,100,-81.25,100,100,-60.375,100,100,100
-95,100,100,-94,100,100,100,100,-59,100,100,-84,-77.5,100,-71.85714285714286,-78,-56.85714285714285,100,100,-66.59999999999999,100,-81,100,100,-60.75,100,100,100
-95,100,100,-94,100,100,100,100,-59.1,100,100,-83.57142857142857,-77.55555555555556,100,-71.71428571428571,-76.59999999999999,-56.42857142857143,100,100,-66.59999999999999,100,-80.625,100,100,-60.875,100,100,100
-95,100,100,-94,100,100,100,100,-59,100,100,-83,-77,100,-71.5,-76.5,-55.71428571428572,100,100,-65.8,100,-80.71428571428571,100,100,-60.77777777777778,100,100,100
-95,100,100,-94,100,100,100,100,-59.3,100,100,-81.8,-75.77777777777777,100,-71.42857142857143,-76.2,-56.25,100,100,-65.8,100,-80.57142857142857,100,100,-60.77777777777778,100,100,100
100,100,100,-93.5,100,100,100,100,-67.8,100,100,-84.8,-78.8,100,-70,-79.25,-57,100,100,-78.11111111111111,100,-80.40000000000001,100,100,-63.66666666666666,100,100,100
100,100,100,-93.5,100,100,100,100,-66.7,100,100,-84.8,-77.90000000000001,100,-69.875,-79,-57.11111111111111,100,100,-77.77777777777777,100,-80.2,100,100,-63.11111111111111,100,100,100
100,100,100,-93.5,100,100,100,100,-65.7,100,100,-84.8,-77.59999999999999,100,-69.25,-79.125,-57.33333333333334,100,100,-78,100,-80.09999999999999,100,100,-63,100,100,100
100,100,100,-93.5,100,100,100,100,-64.7,100,100,-84.8,-77.5,100,-69.625,-78.75,-57.44444444444444,100,100,-77.55555555555556,100,-80,100,100,-63.44444444444444,100,100,100
100,100,100,-93.5,100,100,100,100,-64,100,100,-85,-77.3,100,-69.75,-78.55555555555556,-57.66666666666666,100,100,-77.11111111111111,100,-80.09999999999999,100,100,-63.375,100,100,100
100,100,100,-93.5,100,100,100,100,-63.8,100,100,-86.5,-77.2,100,-69.66666666666667,-77.88888888888889,-57.55555555555556,100,100,-77.09999999999999,100,-80,100,100,-62.75,100,100,100
100,100,100,-93.5,100,100,100,100,-64.09999999999999,100,100,-86.5,-77,100,-69.77777777777777,-77.8,-57.5,100,100,-77.2,100,-80.44444444444444,100,100,-62.77777777777778,100,100,100
100,100,100,-93.66666666666667,100,100,100,100,-64.5,100,100,-86.25,-76.8,100,-70.22222222222223,-77.44444444444444,-57.625,100,100,-77.2,100,-80.44444444444444,100,100,-62.88888888888889,100,100,100
100,100,100,-93.66666666666667,100,100,100,100,-63.7,100,100,-86,-76.90000000000001,100,-70.40000000000001,-77.33333333333333,-57.875,100,100,-77.2,100,-80.66666666666667,100,100,-63,100,100,100
100,100,100,-93.5,100,100,100,100,-62.8,100,100,-86.25,-76.7,100,-70.3,-77.875,-58,100,100,-77.2,100,-80.33333333333333,100,100,-63.11111111111111,100,100,100
-94,-92,-94,-87.33333333333333,100,-91.33333333333333,100,100,-61.7,100,100,-81.375,-74.3,100,-56.22222222222222,-73.16666666666667,-69.66666666666667,100,100,-78.77777777777777,100,-74.5,100,100,-79.25,100,100,100
-94,-91.875,-93.75,-87.33333333333333,100,-91.33333333333333,100,100,-61.8,100,100,-81.57142857142857,-74.09999999999999,100,-55.77777777777778,-73.2,-69.44444444444444,100,100,-78.33333333333333,100,-74,100,100,-80.125,100,100,100
-94,-91.875,-93.75,-87.25,100,-91.25,100,100,-61,100,100,-80.66666666666667,-73.7,100,-56,-73.40000000000001,-69.33333333333333,100,100,-77.88888888888889,100,-73.5,100,100,-79.88888888888889,100,100,100
-94,-91.57142857142857,-93.75,-87.25,100,-91.25,100,100,-60,100,100,-79.8,-73.40000000000001,100,-56.44444444444444,-73.40000000000001,-69.22222222222223,100,100,-77.77777777777777,100,-73.59999999999999,100,100,-80.22222222222223,100,100,100
-94,-91.42857142857143,-93.59999999999999,-87,100,-91.40000000000001,100,100,-59.5,100,100,-80.2,-73.2,100,-56.22222222222222,-73,-69.22222222222223,100,100,-77.22222222222223,100,-73.5,100,100,-80.33333333333333,100,100,100
-94,-91.71428571428571,-93.5,-87.5,100,-91.5,100,100,-59.1,100,100,-79.5,-73.5,100,-56.3,-73,-69.33333333333333,100,100,-77.11111111111111,100,-73.5,100,100,-80.25,100,100,100
-94,-91.57142857142857,-93.71428571428571,-87.66666666666667,100,-91.5,100,100,-59.5,100,100,-79,-73.5,100,-56.22222222222222,-72.75,-70,100,100,-76.90000000000001,100,-73.90000000000001,100,100,-80.42857142857143,100,100,100
-94,-91.28571428571429,-93.71428571428571,-88,100,-91.66666666666667,100,100,-59.9,100,100,-79.33333333333333,-73.7,100,-56.22222222222222,-73.5,-69.88888888888889,100,100,-76.90000000000001,100,-74.09999999999999,100,100,-82,100,100,100
-94,-91.14285714285714,-93.66666666666667,-88,100,-91.66666666666667,100,100,-60.5,100,100,-80,-73.5,100,-56,-73.40000000000001,-69.11111111111111,100,100,-76.90000000000001,100,-74,100,100,-82.42857142857143,100,100,100
-94,-91.125,-93.40000000000001,-88,100,-91.5,100,100,-60.5,100,100,-80,-73.40000000000001,100,-56,-73.40000000000001,-69.09999999999999,100,100,-76.7,100,-73.8,100,100,-82.42857142857143,100,100,100
100,-94,100,-93.66666666666667,100,100,100,100,-60.1,100,100,-78,-71,100,-60.22222222222222,-76.5,-74.59999999999999,100,100,-73.66666666666667,100,-75.90000000000001,100,100,-72.875,100,100,100
100,-94,100,-93.5,100,100,100,100,-59.9,100,100,-75.8,-69.66666666666667,100,-60.75,-76.5,-74.3,100,100,-73.22222222222223,100,-76.09999999999999,100,100,-72.5,100,-94,100
100,-94,100,-93.5,100,100,100,100,-60,100,100,-76.33333333333333,-69.55555555555556,100,-60.875,-76.40000000000001,-74.33333333333333,100,100,-72.77777777777777,100,-75.59999999999999,100,100,-72.75,100,-94,100
100,-94,100,-93.33333333333333,100,100,100,100,-59.7,100,100,-76.71428571428571,-69.7,100,-60.88888888888889,-76.5,-74.77777777777777,100,100,-72.66666666666667,100,-75.5,100,100,-72.625,100,-94,100
100,-94,100,-92.66666666666667,100,100,100,100,-59.2,100,100,-76.71428571428571,-69.90000000000001,100,-61.125,-76,-75.11111111111111,100,100,-72.22222222222223,100,-75.90000000000001,100,100,-72.77777777777777,100,-94,100
100,-94,100,-92.66666666666667,100,100,100,100,-58.6,100,100,-76.16666666666667,-69.59999999999999,100,-61.125,-76,-75.55555555555556,100,100,-72.88888888888889,100,-76.5,100,100,-72.66666666666667,100,-94,100
100,-94,100,-92.66666666666667,100,100,100,100,-59.7,100,100,-75.59999999999999,-69.40000000000001,100,-61,-75.83333333333333,-75.55555555555556,100,100,-73.22222222222223,100,-77,100,100,-72.55555555555556,100,-94,100
100,100,100,-92,100,100,100,100,-59.9,100,100,-75.59999999999999,-69.09999999999999,100,-60.71428571428572,-75.8,-75.55555555555556,100,100,-73.2,100,-77.2,100,100,-72.66666666666667,100,-94,100
100,100,100,-92,100,100,100,100,-60.3,100,100,-78.59999999999999,-69.7,100,-60.14285714285715,-75.75,-75.55555555555556,100,100,-73.3,100,-77.5,100,100,-72.66666666666667,100,-94,100
100,100,100,-90.75,100,100,100,100,-60.8,100,100,-81.40000000000001,-71.09999999999999,100,-59.71428571428572,-75.33333333333333,-75.11111111111111,100,100,-73.5,100,-77.90000000000001,100,100,-72.77777777777777,100,-92.5,100
