0.2188772935151156,0.2878319087048634,0,0,0
0.623673772184013,1.635807966803737,0,0,0
0.5966303057183695,2.735000806583137,0,0,0
0.3510760899431289,3.568264024261159,0,0,0
0.184950246187701,4.502641216676679,0,0,0
0.7300259709544507,5.960242676209716,0,0,0
0.00365360157963307,6.455162887408918,0,0,0
0.4176184936058622,7.734775291720723,0,0,0
0.1400608715860779,8.010242640018836,0,0,0
0.6970012549767221,9.686371378752328,0,0,0
0.48157172207693,10.73274396014151,0,0,0
0.05258186132985188,11.85448401596748,0,0,0
0.7122476051859219,12.65940628736442,0,0,0
0.2292044651329682,13.71099643907391,0,0,0
0.8812411151102528,14.22223831663782,0,0,0
0.731054825854108,15.95235759326515,0,0,0
0.05390172834620088,16.22124029129451,0,0,0
0.5032228718220499,17.35728344342111,0,0,0
0.5876022147488212,18.88373414828427,0,0,0
0.0392070553444267,19.84738892111888,0,0,0
1.781587056381388,0.01270121399561575,0,0,0
1.663518393605292,1.526979504154764,0,0,0
1.923272994346663,2.920660434401695,0,0,0
1.85203854972668,3.923261880933603,0,0,0
1.096727664285849,4.467474789829307,0,0,0
1.531473103156312,5.123518175416274,0,0,0
1.826496940315477,6.015305676897103,0,0,0
1.474775567764257,7.9248522536944,0,0,0
1.708898686899265,8.093199479987096,0,0,0
1.843189699688422,9.318782540473689,0,0,0
1.537376171995465,10.80809142035441,0,0,0
1.184574353594877,11.62443838410167,0,0,0
1.793264487196179,12.13822229313132,0,0,0
1.576503594295675,13.26354375267703,0,0,0
1.909252838562947,14.73192218646902,0,0,0
1.134901272876093,15.19161713079246,0,0,0
1.707439148434127,16.06598203275713,0,0,0
1.672681452395404,17.37749294976711,0,0,0
1.58621888430296,18.33459242389443,0,0,0
1.931015986209946,19.8670963248161,0,0,0
2.947590469936813,0.5474412167932969,0,0,0
2.347053521490508,1.618573342251576,0,0,0
2.408639147024957,2.208562501699782,0,0,0
2.636417238264479,3.942831542172786,0,0,0
2.859711240310897,4.27642887746736,0,0,0
2.001754321435491,5.437957019552299,0,0,0
2.809339616429581,6.07539028134724,0,0,0
2.068421290737835,7.201248601565448,0,0,0
2.511622900120394,8.223223148489854,0,0,0
2.904295656565111,9.353527957587769,0,0,0
2.514291837772743,10.55688462043343,0,0,0
2.015822080858589,11.89860950030236,0,0,0
2.661129432418807,12.96817679513067,0,0,0
2.672749223682539,13.90166840527984,0,0,0
2.547121480882342,14.79910846231954,0,0,0
2.405748853196359,15.91383546887512,0,0,0
2.717048578497992,16.99176102519364,0,0,0
2.476215642473709,17.11692167181223,0,0,0
2.657134249376301,18.93851843203417,0,0,0
2.674053642478394,19.74786457996899,0,0,0
3.185404741611813,0.5660126844132426,0,0,0
3.371733265042424,1.242386863416177,0,0,0
3.452411230050443,2.36653586182981,0,0,0
3.835096432974286,3.030004550634974,0,0,0
3.481351978516797,4.200003053409909,0,0,0
3.894672609713184,5.505912301654249,0,0,0
3.802321782321594,6.64898443516616,0,0,0
3.697668694166059,7.339793800626187,0,0,0
3.148761655959822,8.788953709128522,0,0,0
3.191225142427347,9.094157012266486,0,0,0
3.270629413061145,10.7545716325025,0,0,0
3.582487016084504,11.89426268010257,0,0,0
3.693675905351531,12.41675868011023,0,0,0
3.32385595048533,13.9185536740694,0,0,0
3.288157917659639,14.20075666990014,0,0,0
3.027532273462164,15.89222898480693,0,0,0
3.382285503440077,16.20487431187967,0,0,0
3.394305278500259,17.91455478956811,0,0,0
3.586635441543649,18.5515459734032,0,0,0
3.361082826071081,19.23688670695944,0,0,0
4.059427376767291,0.4845900256059582,0,0,0
4.314374726503765,1.086567716266767,0,0,0
4.722250415264481,2.178052824416306,0,0,0
4.976070171300068,3.744907068956302,0,0,0
4.216336467169923,4.781008684379181,0,0,0
4.634091138018887,5.754827053816132,0,0,0
4.172327984129204,6.694943002936437,0,0,0
4.191105547313309,7.491580468465492,0,0,0
4.955155305718886,8.358429520027608,0,0,0
4.47650951809377,9.867875555465629,0,0,0
4.455691104786764,10.53371227227805,0,0,0
4.162591329175344,11.69803428489713,0,0,0
4.977259901918448,12.06659603539135,0,0,0
4.321590545725654,13.3540136826853,0,0,0
4.965980450266892,14.02429833352289,0,0,0
4.646498702123552,15.67427876805095,0,0,0
4.626922894947149,16.26700819981215,0,0,0
4.722470596056667,17.37255951925605,0,0,0
4.065380132580415,18.81114800459743,0,0,0
4.050982143836111,19.01725778172937,0,0,0
5.945549995817833,0.6013275414474177,0,0,0
5.754281781566773,1.689608790250016,0,0,0
5.613548450875996,2.639830363925754,0,0,0
5.251578574106484,3.943731376435615,0,0,0
5.367884533339424,4.946160601764212,0,0,0
5.178832372676988,5.90982254169335,0,0,0
5.404665367976769,6.032056813188939,0,0,0
5.940535039574803,7.652208167520378,0,0,0
5.667564752801901,8.572350587271428,0,0,0
5.821606051141761,9.172276901075993,0,0,0
5.861993169339167,10.80854944376046,0,0,0
5.039751684663863,11.05800280733896,0,0,0
5.307824923712769,12.72042430441364,0,0,0
5.156492934968496,13.53943250431566,0,0,0
5.681295512249386,14.56886819807018,0,0,0
5.735848817650355,15.55447311188285,0,0,0
5.222643994467286,16.00478892736675,0,0,0
5.76268568066347,17.54651355864757,0,0,0
5.814640092408328,18.10733165394148,0,0,0
5.662011155708959,19.99787930814171,0,0,0
6.206408261243198,0.694350763938747,0,0,0
6.885465294248719,1.373103136014272,0,0,0
6.974270376625134,2.823662345055141,0,0,0
6.856392557399597,3.927407956009862,0,0,0
6.011657428164322,4.344134027707389,0,0,0
6.578347269130979,5.971291364444896,0,0,0
6.740729713241354,6.841214881868522,0,0,0
6.43870486101366,7.120280023693414,0,0,0
6.076633594113241,8.506326907587354,0,0,0
6.246708786685833,9.800880258073452,0,0,0
6.446483349998582,10.33547317215839,0,0,0
6.822098650187118,11.95236929149362,0,0,0
6.025801973511692,12.7171290567128,0,0,0
6.039677746923689,13.24416617606871,0,0,0
6.299862749018287,14.24272716060025,0,0,0
6.248438816944519,15.02819253175534,0,0,0
6.677267133933756,16.78618423898849,0,0,0
6.98178018478367,17.69985293519579,0,0,0
6.295374331522216,18.58434017531878,0,0,0
6.68679240284526,19.04896641382285,0,0,0
7.35043536278036,0.04052014581001429,0,0,0
7.598631918010601,1.970990810450567,0,0,0
7.884305680086976,2.750196739595261,0,0,0
7.913170231495386,3.221812637808586,0,0,0
7.034581855118283,4.093093541088953,0,0,0
7.116747098141571,5.837431244557653,0,0,0
7.729988202002607,6.432566166840702,0,0,0
7.422412729253089,7.400781503361189,0,0,0
7.654061768483643,8.735309246117717,0,0,0
7.624264970268323,9.005486576169421,0,0,0
7.737120444931046,10.69963787111572,0,0,0
7.95744550205148,11.42272195388755,0,0,0
7.149797322787544,12.26323784154744,0,0,0
7.407466712503716,13.56250480523162,0,0,0
7.720506290974535,14.83705615658611,0,0,0
7.117883760748931,15.43918804024945,0,0,0
7.180046814227342,16.00258350801406,0,0,0
7.036076658094307,17.16355773074363,0,0,0
7.976060541906935,18.22393262185548,0,0,0
7.92040321446771,19.3999515923984,0,0,0
8.985790276800774,0.0676714497245402,0,0,0
8.379416504899924,1.526039553519371,0,0,0
8.246474324757111,2.014494237584929,0,0,0
8.618359154465615,3.001369879132749,0,0,0
8.01446529348549,4.236294712168178,0,0,0
8.532126720569446,5.980212180482748,0,0,0
8.648918804447185,6.157184894910077,0,0,0
8.119679620040609,7.049748672434116,0,0,0
8.305198457448968,8.704270976188816,0,0,0
8.790637360748027,9.138221792614626,0,0,0
8.757431103985271,10.76777949177543,0,0,0
8.800722503176978,11.24919995883011,0,0,0
8.98189020585918,12.13614565446037,0,0,0
8.314791752584256,13.63707588079701,0,0,0
8.09169138725251,14.94118462057863,0,0,0
8.209411043700506,15.18057705943566,0,0,0
8.708098831175521,16.54722242950005,0,0,0
8.771837384149766,17.05387474861536,0,0,0
8.529444999243813,18.24119563532143,0,0,0
8.532164967092333,19.30810668034976,0,0,0
9.51317004187012,0.9194133383028821,0,0,0
9.734449733022183,1.575940663694214,0,0,0
9.184968680801131,2.534053371944686,0,0,0
9.024064832534103,3.682092872746225,0,0,0
9.960352505347959,4.892137669686209,0,0,0
9.361276964899128,5.699787055281943,0,0,0
9.467773858451212,6.288454329410529,0,0,0
9.391371000130997,7.999617934130858,0,0,0
9.47908566773147,8.219243791200565,0,0,0
9.191487675940706,9.753204336646162,0,0,0
9.219641350079121,10.51392188803219,0,0,0
9.666404308616155,11.84620094994262,0,0,0
9.391915627806013,12.37185573779074,0,0,0
9.628525400899115,13.60135948931002,0,0,0
9.555947588622208,14.81024075959353,0,0,0
9.522774256606448,15.77394596118329,0,0,0
9.983730634220214,16.43715845706717,0,0,0
9.590560798528871,17.8452100580853,0,0,0
9.272284055321634,18.20890477117883,0,0,0
9.713264632209846,19.10872904059192,0,0,0
10.99163401743092,0.5282914982010301,0,0,0
10.63028994349684,1.799303568707332,0,0,0
10.24995132315641,2.576201744108063,0,0,0
10.69183850239113,3.630679855370517,0,0,0
10.55355855118998,4.082461018449417,0,0,0
10.02157189995008,5.982303096686988,0,0,0
10.59984328685091,6.372635650128895,0,0,0
10.88439314609161,7.791769797257636,0,0,0
10.86697421380847,8.207734030230091,0,0,0
10.32126858605063,9.628866281002548,0,0,0
10.27173541779447,10.5990510576437,0,0,0
10.65071606935907,11.83423660640236,0,0,0
10.16003258806767,12.13216300991106,0,0,0
10.61622840022317,13.01138141666243,0,0,0
10.89169525629783,14.36784234642762,0,0,0
10.71376797627826,15.19011099815564,0,0,0
10.95720078494844,16.94307208292314,0,0,0
10.91484536025533,17.9154017188402,0,0,0
10.83530223826986,18.78574353408607,0,0,0
10.41428922430632,19.56325901863767,0,0,0
11.28168780521525,0.5415514645405417,0,0,0
11.87072351701591,1.615966883681548,0,0,0
11.19970441351197,2.698606430529015,0,0,0
11.93100005743528,3.088812129016239,0,0,0
11.5767721813797,4.515796790267098,0,0,0
11.76642518028555,5.738219251539579,0,0,0
11.13665860891694,6.085236577228386,0,0,0
11.99693522924612,7.971927923342846,0,0,0
11.68864581483845,8.139026918523218,0,0,0
11.02213864479677,9.77701742011441,0,0,0
11.72927167342748,10.53187473311176,0,0,0
11.4321416686268,11.08666670836856,0,0,0
11.74291489047106,12.85034850154912,0,0,0
11.37269799364864,13.95726599736976,0,0,0
11.29829481761059,14.24687294175345,0,0,0
11.1101546652984,15.72387278135611,0,0,0
11.33047016860858,16.70728157447419,0,0,0
11.35892375477839,17.83991827271237,0,0,0
11.27700732688943,18.53340076007015,0,0,0
11.52602524973763,19.81988255076902,0,0,0
12.30079918875949,0.4643980089247192,0,0,0
12.57644271913166,1.3292839176735,0,0,0
12.8600016259157,2.292829666173786,0,0,0
12.80279395567406,3.228660218838085,0,0,0
12.23744878286129,4.625361027182626,0,0,0
12.32121266536779,5.88287453614063,0,0,0
12.66292786420958,6.486611811274253,0,0,0
12.87477437915756,7.146764748119481,0,0,0
12.96547989006745,8.870816145719273,0,0,0
12.43434959775112,9.075913933193331,0,0,0
12.87168665109175,10.32491512077009,0,0,0
12.6123518129395,11.52576595949762,0,0,0
12.74968562426231,12.60428053030385,0,0,0
12.32217479654616,13.83230690152499,0,0,0
12.10743919930549,14.64399911807998,0,0,0
12.43441891735059,15.27292692435913,0,0,0
12.99710614170125,16.48895055008331,0,0,0
12.16460968456448,17.9413755639757,0,0,0
12.72925626042061,18.84062476206509,0,0,0
12.15172723272006,19.20786608267788,0,0,0
13.10248266156569,0.4734814299322108,0,0,0
13.98932002047989,1.321832636122771,0,0,0
13.74595424171502,2.849354044101958,0,0,0
13.34015762311864,3.100554134377174,0,0,0
13.21508745298569,4.599565651075783,0,0,0
13.16901250144839,5.99986920231506,0,0,0
13.51704967474004,6.862997670737954,0,0,0
13.170280202418,7.89692853927066,0,0,0
13.43242661962418,8.212873473454394,0,0,0
13.94732630747744,9.164178304651552,0,0,0
13.1060611859974,10.78482944691562,0,0,0
13.54696572359147,11.43308827349594,0,0,0
13.28075212292447,12.46853072760131,0,0,0
13.56042099013056,13.62190354052037,0,0,0
13.82032958463308,14.65218593691451,0,0,0
13.10387999905098,15.67859419483059,0,0,0
13.98018473892206,16.72621733967407,0,0,0
13.54930688196967,17.46224107981464,0,0,0
13.21674747345089,18.57678095230222,0,0,0
13.18303482054057,19.69541921447898,0,0,0
14.32876158802268,0.5414553413893975,0,0,0
14.80166394578175,1.051011463723355,0,0,0
14.52302158350642,2.448883259375195,0,0,0
14.42826563821364,3.348657377147362,0,0,0
14.69734797775686,4.798738870740968,0,0,0
14.32887570893735,5.867966509832101,0,0,0
14.50544657644284,6.188237804581449,0,0,0
14.51442384126756,7.68975059234941,0,0,0
14.10539784875781,8.19972863550459,0,0,0
14.60898370843433,9.789131443953455,0,0,0
14.91614882222219,10.14625906421016,0,0,0
14.05756335127241,11.07672349471996,0,0,0
14.98562329486177,12.18038233319026,0,0,0
14.86129366843787,13.90931048967532,0,0,0
14.70222387765345,14.40324613469761,0,0,0
14.15839969175611,15.89274071113751,0,0,0
14.26472520080245,16.29189620141834,0,0,0
14.88423518802399,17.15596657312445,0,0,0
14.4970632469754,18.69697333326866,0,0,0
14.49355803485477,19.96634614448897,0,0,0
15.52826161776103,0.5484223896298367,0,0,0
15.96493600501708,1.755642592547928,0,0,0
15.96330459509015,2.069498946642378,0,0,0
15.65136492105542,3.165378862366939,0,0,0
15.47998125526874,4.596987351449044,0,0,0
15.25652942839614,5.18088230953554,0,0,0
15.18883296143389,6.780259667570295,0,0,0
15.12793424736935,7.88557781870109,0,0,0
15.89953223154942,8.238591715777728,0,0,0
15.24747183443279,9.105612980871898,0,0,0
15.78453646448872,10.34358287165321,0,0,0
15.71574670003417,11.7433961494806,0,0,0
15.57433704058235,12.2587929022057,0,0,0
15.4102424340245,13.96201555039521,0,0,0
15.94727880063592,14.04729838034116,0,0,0
15.75443091306633,15.33549833099865,0,0,0
15.04987171824045,16.36017062078009,0,0,0
15.72645322912027,17.20592180803792,0,0,0
15.50112947353693,18.23469131591977,0,0,0
15.01401996355696,19.15372950586882,0,0,0
16.83139875338457,0.6138874305807156,0,0,0
16.59687802903298,1.283276545986638,0,0,0
16.49821677632908,2.503610408280265,0,0,0
16.27200946865423,3.315082306944943,0,0,0
16.60274826947384,4.257111334600339,0,0,0
16.48180174632661,5.571628640736543,0,0,0
16.27493564527694,6.939990299464594,0,0,0
16.58261187597781,7.905218494646453,0,0,0
16.09775945652497,8.693747032044007,0,0,0
16.13600498144381,9.849297816515101,0,0,0
16.87353297920032,10.16522445120988,0,0,0
16.03531897721736,11.99150628073466,0,0,0
16.32845934940825,12.25713321811324,0,0,0
16.13356596982761,13.12270106191008,0,0,0
16.05458971507346,14.63900148064436,0,0,0
16.27745793849788,15.56440346772316,0,0,0
16.72458500907267,16.45383612852122,0,0,0
16.82448938334768,17.11890283753011,0,0,0
16.82149228162251,18.50272559854892,0,0,0
16.50020136572419,19.08063757952011,0,0,0
17.78389442933628,0.454679392394339,0,0,0
17.84825547971169,1.550935832170325,0,0,0
17.24258683034127,2.632379117444013,0,0,0
17.81337948404539,3.293467135197057,0,0,0
17.7114569434686,4.550625578606066,0,0,0
17.51666332297612,5.346614680855152,0,0,0
17.81072792470993,6.856850734417026,0,0,0
17.63509772994864,7.432030720405606,0,0,0
17.2120239073736,8.515416002209992,0,0,0
17.27474060957103,9.921658143472857,0,0,0
17.93055734909413,10.84248512235285,0,0,0
17.44609280245462,11.10245527980435,0,0,0
17.94063193127942,12.28532154482258,0,0,0
17.02409333950201,13.2848608558057,0,0,0
17.93203820011773,14.00041667861257,0,0,0
17.8955519805465,15.92653434227773,0,0,0
17.51320563947966,16.8422650820911,0,0,0
17.39660677762753,17.28634232665738,0,0,0
17.51317157495344,18.32231502900634,0,0,0
17.25946505436528,19.88565478219845,0,0,0
18.53210724956672,0.1929750697228904,0,0,0
18.51071729615465,1.700766616452228,0,0,0
18.84994805062565,2.16684479045569,0,0,0
18.94716754934515,3.115828162920561,0,0,0
18.91765991799204,4.107547006611091,0,0,0
18.05516970478847,5.898937841956142,0,0,0
18.63964272782567,6.291533594599469,0,0,0
18.31503223438919,7.201392321540846,0,0,0
18.94575175016238,8.587593370952801,0,0,0
18.5514355849428,9.155839926862193,0,0,0
18.12986522655942,10.61925315102854,0,0,0
18.71089280564271,11.09183873148401,0,0,0
18.27568006396813,12.42956273363733,0,0,0
18.85081332539746,13.91982133432357,0,0,0
18.1394501874208,14.00995519984328,0,0,0
18.52631969966911,15.98991385322361,0,0,0
18.63187975640295,16.10520256765169,0,0,0
18.68045549531848,17.79137147022338,0,0,0
18.27413788042826,18.97889719538468,0,0,0
18.27161771207405,19.16960517791233,0,0,0
19.72478768093543,0.2293754619892892,0,0,0
19.66126921451571,1.546988169100422,0,0,0
19.39961710924013,2.024978321474043,0,0,0
19.26072411233149,3.238980293285421,0,0,0
19.52718858855297,4.106380179774026,0,0,0
19.82616427051869,5.919558024514003,0,0,0
19.711305959886,6.184928528217115,0,0,0
19.3157207772542,7.203052217615895,0,0,0
19.48066872471685,8.805779318685934,0,0,0
19.06131062979491,9.899309493928405,0,0,0
19.20592049852822,10.61626986384949,0,0,0
19.18067951931728,11.43558277607696,0,0,0
19.60366727199566,12.53980562437733,0,0,0
19.06973013325057,13.60944541156588,0,0,0
19.33682548725324,14.57920643074887,0,0,0
19.14149140972018,15.19854042582691,0,0,0
19.91225298300338,16.33847917401787,0,0,0
19.02142306978594,17.96127390486529,0,0,0
19.25497748584563,18.83861551149666,0,0,0
19.049275855258,19.46366698724222,0,0,0
20.15459728481576,0.1266373983999797,0,0,0
20.03642195178037,1.324766957410838,0,0,0
20.84432255195249,2.779175926063851,0,0,0
20.77213157535263,3.228751642035308,0,0,0
20.47779201477663,4.250957308044693,0,0,0
20.92590535355149,5.273265608669929,0,0,0
20.91249362593272,6.507359147142489,0,0,0
20.4058604581472,7.788519390884206,0,0,0
20.49975727537739,8.392789518486746,0,0,0
20.75470845375354,9.658196451684809,0,0,0
20.67722801487757,10.01841411864478,0,0,0
20.06367566952346,11.37263721948258,0,0,0
20.36823639852503,12.41665018490478,0,0,0
20.40492338799239,13.58220245891546,0,0,0
20.05717161701184,14.14323356993469,0,0,0
20.1642917657391,15.36629247130106,0,0,0
20.32332116433166,16.1287981342565,0,0,0
20.99426919353343,17.182274053913,0,0,0
20.40993123892948,18.80048547197811,0,0,0
20.56176905610997,19.73454768950267,0,0,0
21.57444733801588,0.1167881073897979,0,0,0
21.92868620145857,1.101307708150925,0,0,0
21.61743052651259,2.18352343553513,0,0,0
21.24070505515295,3.570041918498935,0,0,0
21.60706870048335,4.324596012195644,0,0,0
21.14514266443117,5.226438257316298,0,0,0
21.00691301827685,6.621848375293406,0,0,0
21.94974773840805,7.853594478195811,0,0,0
21.45983999839511,8.322691689393958,0,0,0
21.63063782392515,9.876401739509554,0,0,0
21.82309602917059,10.62853149266748,0,0,0
21.75221780551128,11.82431928717555,0,0,0
21.32201691361529,12.61141297597084,0,0,0
21.52555222005578,13.21080006506525,0,0,0
21.42255992458551,14.59296045252104,0,0,0
21.11922408010223,15.98702653223187,0,0,0
21.46224070428435,16.25773102704188,0,0,0
21.99388565555254,17.27813824790612,0,0,0
21.83961733959135,18.98651854683892,0,0,0
21.95760034255355,19.59358905700282,0,0,0
22.47360080320382,0.1305940590998929,0,0,0
22.96999422372569,1.632580575090436,0,0,0
22.3959217668288,2.939331272321733,0,0,0
22.31295623657891,3.272890132302531,0,0,0
22.57020188136462,4.340051724420561,0,0,0
22.68382332294281,5.936475177628812,0,0,0
22.60952142998712,6.000238133385857,0,0,0
22.38054006630509,7.118751056168779,0,0,0
22.96465540637312,8.121024934440456,0,0,0
22.53609594485457,9.461843174239963,0,0,0
22.00304144389255,10.58017565830563,0,0,0
22.78122182496692,11.08262447638729,0,0,0
22.88099017456873,12.6274391553272,0,0,0
22.74105896979169,13.55928181324565,0,0,0
22.44402014630849,14.22791921106423,0,0,0
22.94438846863919,15.5130638114969,0,0,0
22.28222320303314,16.06783771853321,0,0,0
22.49532537448977,17.17389235626334,0,0,0
22.83908757011566,18.54872941293439,0,0,0
22.20183216769115,19.53428450721512,0,0,0
23.59726907638491,0.7884158816241049,0,0,0
23.22101177131364,1.331028799413958,0,0,0
23.60673589919853,2.48640186784114,0,0,0
23.88414462636052,3.754262971923145,0,0,0
23.46546840952695,4.11121816692127,0,0,0
23.35391088095982,5.239548696874658,0,0,0
23.81529322910475,6.514662028753154,0,0,0
23.21943803457041,7.180496786936848,0,0,0
23.67176156206594,8.067605722805975,0,0,0
23.99781727142245,9.505673818843874,0,0,0
23.48213859221685,10.79154640031265,0,0,0
23.65906913957433,11.91740477569529,0,0,0
23.29289967811015,12.257034773953,0,0,0
23.44968441362937,13.6387139667421,0,0,0
23.50803798710649,14.73345869469689,0,0,0
23.27150531791614,15.06141446265682,0,0,0
23.17521360945588,16.5956632930239,0,0,0
23.98775932273469,17.84501551119425,0,0,0
23.46615759215158,18.84168083074251,0,0,0
23.95227499962742,19.90150291054633,0,0,0
24.39914240526611,0.2059609611358947,0,0,0
24.46043348973166,1.493803369415576,0,0,0
24.83044020980753,2.139466491041501,0,0,0
24.15424115653467,3.09674366450799,0,0,0
24.01678794992343,4.355462250335918,0,0,0
24.70788242857468,5.85582992617128,0,0,0
24.39448388183227,6.699319822546756,0,0,0
24.33079514350651,7.135624258232779,0,0,0
24.06978142485287,8.886464666142455,0,0,0
24.24207101257574,9.623681875857693,0,0,0
24.20984325147843,10.85115860044019,0,0,0
24.12945131118686,11.86018296171741,0,0,0
24.59961162029974,12.10238070848385,0,0,0
24.96744806638929,13.07376334008967,0,0,0
24.02184132156216,14.11346915945254,0,0,0
24.54844299206735,15.94385769756594,0,0,0
24.25089015449909,16.6450736693237,0,0,0
24.69055071067053,17.85978182757981,0,0,0
24.68992638197448,18.49053810741791,0,0,0
24.99716405273248,19.5068546100419,0,0,0
25.15971535027792,0.4988274867017775,0,0,0
25.44168611129425,1.954890898002155,0,0,0
25.1446234001184,2.806727110001949,0,0,0
25.2725767928743,3.573697579013714,0,0,0
25.9503457435389,4.839047140077803,0,0,0
25.45473233431007,5.959839063753666,0,0,0
25.6436518367352,6.242687566709082,0,0,0
25.59918548225675,7.833156417524957,0,0,0
25.74209200199048,8.345245364937407,0,0,0
25.22923868600498,9.99266636162227,0,0,0
25.74061449227021,10.37031944698574,0,0,0
25.48650953203351,11.20869441350974,0,0,0
25.23446370342066,12.96426274579177,0,0,0
25.59564140275538,13.43228513636849,0,0,0
25.78039594096822,14.02742349442534,0,0,0
25.28337653284605,15.41289461901939,0,0,0
25.97807992620013,16.81138454070969,0,0,0
25.70326014719403,17.61699224720178,0,0,0
25.03698631029668,18.24889331648474,0,0,0
25.77628248253335,19.49574667498417,0,0,0
26.50021273988306,0.436216218813237,0,0,0
26.14534866699006,1.64590823182512,0,0,0
26.19119530703243,2.474840390810223,0,0,0
26.94900350616219,3.69165109571115,0,0,0
26.31734240453848,4.790796808665621,0,0,0
26.29973340556851,5.648889813715978,0,0,0
26.2235167249023,6.14168146404091,0,0,0
26.61158018236223,7.51330158623497,0,0,0
26.25344284429732,8.303074435913457,0,0,0
26.4224106974273,9.071906086688928,0,0,0
26.81902756215173,10.45450551137704,0,0,0
26.72717368818089,11.14232012297079,0,0,0
26.49918605638046,12.37919272052546,0,0,0
26.91349397672086,13.87677535307436,0,0,0
26.25290597188467,14.66485157116149,0,0,0
26.3134010700322,15.09643296784522,0,0,0
26.56029413720843,16.30191070095697,0,0,0
26.58360060242867,17.50299374373022,0,0,0
26.26114218100743,18.90346096491391,0,0,0
26.1864862220258,19.44993338523856,0,0,0
27.91463239518847,0.2110302832251764,0,0,0
27.45626713615266,1.612012762062689,0,0,0
27.26712016793165,2.291506851483287,0,0,0
27.93991888359081,3.300044227468742,0,0,0
27.45254089419215,4.574544653496104,0,0,0
27.11128879293135,5.33203056487206,0,0,0
27.25302282904206,6.590541042791375,0,0,0
27.52418811483335,7.808138882700997,0,0,0
27.5227148363439,8.031643086518239,0,0,0
27.24549318656857,9.946054696165788,0,0,0
27.59225046077165,10.20788416470184,0,0,0
27.40359755678906,11.2463766905958,0,0,0
27.60153114549437,12.82752127847519,0,0,0
27.42553506409026,13.58512718665608,0,0,0
27.88913634222081,14.62270262358528,0,0,0
27.89607735497168,15.98310064836789,0,0,0
27.39249128849096,16.72032130295194,0,0,0
27.57086055046809,17.49431914537927,0,0,0
27.93458287634755,18.35344014004972,0,0,0
27.24120058473775,19.9360181677821,0,0,0
28.70343382332431,0.5470220681667052,0,0,0
28.98269635722481,1.814057472914128,0,0,0
28.15118084624807,2.958899603936024,0,0,0
28.94468295821865,3.280484283828145,0,0,0
28.32529688243309,4.352940158921349,0,0,0
28.67447975677877,5.484685077616133,0,0,0
28.87295917082525,6.464079373338029,0,0,0
28.1554433490114,7.309546948518909,0,0,0
28.86646797053563,8.99924073049583,0,0,0
28.30936865347039,9.8754748515396,0,0,0
28.69568527098037,10.14850810304131,0,0,0
28.32452662157225,11.0230920101523,0,0,0
28.57533848662397,12.2312183588344,0,0,0
28.21435299351729,13.90821207844951,0,0,0
28.68846226929801,14.91605230371015,0,0,0
28.28070376959434,15.16706252970508,0,0,0
28.50791784889685,16.51278414694541,0,0,0
28.44748804461323,17.7354494239419,0,0,0
28.14924293711371,18.69807196320522,0,0,0
28.14356967105179,19.78855519147463,0,0,0
29.0724531512872,0.7324646243838234,0,0,0
29.1027297430316,1.786687597169762,0,0,0
29.55101868482705,2.096898351788879,0,0,0
29.15779432006426,3.532347461935485,0,0,0
29.74433538753651,4.568508669220761,0,0,0
29.30859002930856,5.84730063259109,0,0,0
29.86296438982217,6.117114849591684,0,0,0
29.11381937941402,7.006032862802792,0,0,0
29.27650970154155,8.523177349059742,0,0,0
29.53513803736114,9.905456503696069,0,0,0
29.03330752314015,10.91801924977697,0,0,0
29.40306294304858,11.62660756856987,0,0,0
29.14476701719432,12.45571985773858,0,0,0
29.3058101726704,13.8839412800176,0,0,0
29.46587097927559,14.25717747384644,0,0,0
29.2579062310717,15.05864799111142,0,0,0
29.69009790220812,16.93028675513423,0,0,0
29.84844430412119,17.89751366938101,0,0,0
29.33399510293471,18.64540145288317,0,0,0
29.81412451040999,19.99428797910929,0,0,0
30.05094255521986,0.1027748239361294,0,0,0
30.42423322302587,1.230171227333697,0,0,0
30.90439400399118,2.993370532734983,0,0,0
30.80895247419078,3.618858757108554,0,0,0
30.64633686338734,4.785120925912042,0,0,0
30.03318975248438,5.289154803920107,0,0,0
30.24910971734605,6.684504503875455,0,0,0
30.82574677044281,7.623692529559595,0,0,0
30.55411476889475,8.547538481920729,0,0,0
30.94134360955338,9.725912615574835,0,0,0
30.50995774498382,10.39017105908549,0,0,0
30.43284967077137,11.9209060324875,0,0,0
30.29718908009849,12.39772440553865,0,0,0
30.15450503194742,13.54718732525374,0,0,0
30.88509712118779,14.63392420960531,0,0,0
30.1593632257001,15.89800718284695,0,0,0
30.35144929009751,16.5690895808918,0,0,0
30.34173215626313,17.58926931034392,0,0,0
30.90699421391973,18.1818971983735,0,0,0
30.67881643735456,19.3845716311025,0,0,0
31.05034474636139,0.9497305404663836,0,0,0
31.48083864923306,1.357188120921238,0,0,0
31.82477382932466,2.922527269170796,0,0,0
31.41511744909967,3.789360026848212,0,0,0
31.67555029762446,4.608006370217716,0,0,0
31.96571432257393,5.531874384826431,0,0,0
31.31661390663389,6.228057649878523,0,0,0
31.33071403070218,7.938345829479748,0,0,0
31.25206612893505,8.461988911787898,0,0,0
31.21002555240757,9.205022005483805,0,0,0
31.62263193087787,10.11574158097175,0,0,0
31.42136801252769,11.60906493473222,0,0,0
31.96079905528165,12.98713455936034,0,0,0
31.15534747897486,13.23758441841561,0,0,0
31.04051789487113,14.79990881580499,0,0,0
31.03624526292572,15.95191277216186,0,0,0
31.099331520918,16.15993949547521,0,0,0
31.2753436570096,17.7756496334651,0,0,0
31.12329844486014,18.90882026236077,0,0,0
31.02809438887333,19.12693702702341,0,0,0
32.93478697303043,0.4044294756767267,0,0,0
32.86423418505551,1.311156312446196,0,0,0
32.91406902795969,2.621812970919234,0,0,0
32.5316708361526,3.885690047090713,0,0,0
32.12785715250828,4.649558209837291,0,0,0
32.45595316580304,5.123031867198552,0,0,0
32.84286445427183,6.276182359376688,0,0,0
32.22536430135833,7.163025945847005,0,0,0
32.98522253760162,8.484613275647026,0,0,0
32.626700308363,9.892891697434017,0,0,0
32.90178818085986,10.47187535350265,0,0,0
32.70751026679542,11.77381956239667,0,0,0
32.82629651413841,12.50695859535677,0,0,0
32.99903571976449,13.74990234656476,0,0,0
32.04383187283014,14.51791396244702,0,0,0
32.18849070296979,15.44534609744744,0,0,0
32.78317719816764,16.7112347061921,0,0,0
32.94820390415023,17.88068076543059,0,0,0
32.67470071192798,18.1571241179959,0,0,0
32.04445274400607,19.72422343296198,0,0,0
33.77521805778331,0.6604884884136003,0,0,0
33.79003013576521,1.808119226874549,0,0,0
33.89932847573019,2.796401144139424,0,0,0
33.86650785887943,3.609680868487975,0,0,0
33.79081030332213,4.635953880068766,0,0,0
33.71013957265234,5.004329656026749,0,0,0
33.57332485736243,6.424401130695808,0,0,0
33.15085337117531,7.996359547909174,0,0,0
33.19073864357122,8.43526792830788,0,0,0
33.47701209395088,9.281818483903724,0,0,0
33.27940296895112,10.61146388310784,0,0,0
33.09295298490924,11.31789810122538,0,0,0
33.98366783459392,12.57337640814539,0,0,0
33.15642115595507,13.4188866365159,0,0,0
33.97336483351127,14.15391353632784,0,0,0
33.74568929963862,15.23225156252216,0,0,0
33.74488209142323,16.62604036656164,0,0,0
33.55483527042581,17.67196268029342,0,0,0
33.74338937026642,18.19516827575702,0,0,0
33.22676273661838,19.96478013440115,0,0,0
34.95347061602896,0.7433496815727564,0,0,0
34.62403033383679,1.98530434790984,0,0,0
34.04568808641595,2.383773410913582,0,0,0
34.83827910439609,3.976359119824097,0,0,0
34.94858728902921,4.391364190003036,0,0,0
34.92659163004674,5.885999652425306,0,0,0
34.72370030074941,6.361396523915301,0,0,0
34.27333739758279,7.759830877288709,0,0,0
34.39952167666898,8.250838797469983,0,0,0
34.03046235589587,9.659749344569493,0,0,0
34.67549615652132,10.22080463238502,0,0,0
34.41911925179777,11.16933399255502,0,0,0
34.79068945603837,12.83921546339406,0,0,0
34.42604471162009,13.34520033597375,0,0,0
34.08753579382644,14.65687190067085,0,0,0
34.29842962679188,15.59820754926426,0,0,0
34.69344232326463,16.98730802303692,0,0,0
34.25525389543014,17.5024796861761,0,0,0
34.25295847181147,18.77248124178219,0,0,0
34.39873727376227,19.98580558825484,0,0,0
35.39047109603899,0.6279494972116458,0,0,0
35.93651253632981,1.74424284079111,0,0,0
35.18233604869249,2.518964482997514,0,0,0
35.54435875057725,3.838965355284254,0,0,0
35.86615448178613,4.14833101837868,0,0,0
35.15184168645159,5.493812763096359,0,0,0
35.7434476225712,6.622453140372751,0,0,0
35.38363844321656,7.726150402513611,0,0,0
35.79890800991916,8.939589036398338,0,0,0
35.94488242370111,9.918636883031752,0,0,0
35.25284821943325,10.34379562442124,0,0,0
35.80780735941664,11.99768586673136,0,0,0
35.34935084458604,12.35595674978288,0,0,0
35.09884725315712,13.12533057991816,0,0,0
35.77514467584943,14.02887563721543,0,0,0
35.99139338873154,15.0316035967482,0,0,0
35.35241859322111,16.53371601456878,0,0,0
35.10094044117977,17.87921652149321,0,0,0
35.66076552519682,18.72087059514027,0,0,0
35.55949452939873,19.3125549403056,0,0,0
36.50429992029385,0.9291459804406335,0,0,0
36.59767318764938,1.30704962282325,0,0,0
36.01767971512865,2.03772925158798,0,0,0
36.16823052538112,3.379500979128638,0,0,0
36.78206417519343,4.066746106640163,0,0,0
36.92171850951852,5.190404255083,0,0,0
36.11603318831033,6.669721235890295,0,0,0
36.90868591396939,7.393561724248934,0,0,0
36.30283975783979,8.21393165637727,0,0,0
36.61249668174069,9.097097573810576,0,0,0
36.01550667045416,10.54616901038002,0,0,0
36.66373421917915,11.21546386880186,0,0,0
36.73267933347753,12.99492025701071,0,0,0
36.08033571734505,13.83134521836033,0,0,0
36.05635351553025,14.26547188527087,0,0,0
36.0727908454986,15.40979100668318,0,0,0
36.13247612213953,16.82335309046523,0,0,0
36.27846989027795,17.2650980186128,0,0,0
36.35789789339763,18.68463151943446,0,0,0
36.35181616243266,19.69550508272162,0,0,0
37.8355271406473,0.1980177935711684,0,0,0
37.5475437009842,1.941440089261663,0,0,0
37.05023698607425,2.787222899561493,0,0,0
37.96010170309102,3.385415900378629,0,0,0
37.19154798096792,4.646808813765361,0,0,0
37.66553772056592,5.086824694950443,0,0,0
37.0841801081062,6.658058945194802,0,0,0
37.36168827748758,7.33349186121267,0,0,0
37.15639180003779,8.15510356477869,0,0,0
37.05628823675796,9.924068671848243,0,0,0
37.78872605015292,10.54487443014813,0,0,0
37.09191847862098,11.16521579396866,0,0,0
37.29647711069875,12.28299239111398,0,0,0
37.10539284029613,13.64153308917907,0,0,0
37.49445210766534,14.95932659429687,0,0,0
37.86086454752956,15.5219604701311,0,0,0
37.44059939165351,16.32289546353098,0,0,0
37.81467705657334,17.15119445526748,0,0,0
37.36619196798996,18.2648755313912,0,0,0
37.68262112485826,19.95911142247978,0,0,0
38.47092881155783,0.8106105106267706,0,0,0
38.83960721043121,1.686369084719333,0,0,0
38.82225059220912,2.26435915475848,0,0,0
38.22595904536076,3.144777709255304,0,0,0
38.76811724235885,4.814746410045452,0,0,0
38.10942374016411,5.056429837335368,0,0,0
38.36425169855767,6.895700188117482,0,0,0
38.13540163128014,7.757587567797778,0,0,0
38.48014369158984,8.673953799722677,0,0,0
38.55694493981938,9.950478942316254,0,0,0
38.91653775262942,10.38050583142888,0,0,0
38.6891152646082,11.66927130014544,0,0,0
38.2273491835615,12.62818730289935,0,0,0
38.9936001445846,13.00223450637235,0,0,0
38.91680142765607,14.03066180798151,0,0,0
38.50777958731923,15.05580309572075,0,0,0
38.90658449666841,16.14657873275905,0,0,0
38.55187307306215,17.77961951164652,0,0,0
38.83150511085027,18.18280200573372,0,0,0
38.1980085559758,19.8632432046517,0,0,0
39.91416449454771,0.07620555756661351,0,0,0
39.18950535748392,1.062552945496539,0,0,0
39.8078294706735,2.646399539276319,0,0,0
39.78799514984818,3.480608267561616,0,0,0
39.61731611927272,4.356865943438398,0,0,0
39.31005261121986,5.830772661621773,0,0,0
39.34816177146594,6.150953906453981,0,0,0
39.28014149934059,7.101611618133238,0,0,0
39.63371922377274,8.812011832190013,0,0,0
39.26536754245251,9.552858515320834,0,0,0
39.21893410440423,10.61214349040559,0,0,0
39.26467847817214,11.3200115406889,0,0,0
39.11404864277696,12.66183043849548,0,0,0
39.2048643045977,13.47000571198016,0,0,0
39.12632054822642,14.19034919321225,0,0,0
39.57590214833535,15.50078757043422,0,0,0
39.9051175659644,16.49872430289166,0,0,0
39.13917840796263,17.92849319490371,0,0,0
39.12520984640521,18.13705623411195,0,0,0
39.81154149070792,19.89408896938517,0,0,0
40.14349610329618,0.0037564816151886,0,0,0
40.43593093673236,1.933911671171524,0,0,0
40.97828850843852,2.415260724893958,0,0,0
40.79860612289986,3.774739526143298,0,0,0
40.23978405979513,4.104284143154918,0,0,0
40.43271813133781,5.780665240562266,0,0,0
40.13251484217221,6.628800162885643,0,0,0
40.03670840775474,7.385949216925868,0,0,0
40.26234046791982,8.555820185975312,0,0,0
40.01829937980206,9.109963757799758,0,0,0
40.84747660682498,10.65980586328177,0,0,0
40.57476934013248,11.03081240851002,0,0,0
40.17702052292036,12.05990544189264,0,0,0
40.24464788326894,13.13488813840718,0,0,0
40.11612269569044,14.28701201344521,0,0,0
40.29643998458304,15.63435111391024,0,0,0
40.13621114978255,16.39328337318499,0,0,0
40.73646819503908,17.93041565159479,0,0,0
40.69882454103981,18.22616586908142,0,0,0
40.39635274171359,19.40191540565705,0,0,0
41.98234524775415,0.3693898621405867,0,0,0
41.29540642754631,1.537938426849967,0,0,0
41.92572168487414,2.495179099811017,0,0,0
41.57365146512179,3.536075852841932,0,0,0
41.58763842020285,4.080774239133829,0,0,0
41.62184078129316,5.480284260779458,0,0,0
41.6569478005678,6.799218535935479,0,0,0
41.33870483643923,7.976927411984052,0,0,0
41.50869133187425,8.881126294813519,0,0,0
41.9378017428995,9.691205998141648,0,0,0
41.31267658961393,10.60386141763766,0,0,0
41.17852648726637,11.52741266441804,0,0,0
41.74775996026209,12.22824848883137,0,0,0
41.10029107121984,13.60881016965884,0,0,0
41.25235071951652,14.44265076859884,0,0,0
41.67992699909043,15.48994826580065,0,0,0
41.48064248586584,16.13102814152506,0,0,0
41.47920374186221,17.87804984944563,0,0,0
41.33266734561932,18.77659385301175,0,0,0
41.76385326948321,19.46776741398706,0,0,0
42.84744045087552,0.7640149074429367,0,0,0
42.48196433521637,1.655211454181149,0,0,0
42.40275689206402,2.939379410668097,0,0,0
42.52412510706482,3.619202802518434,0,0,0
42.37671233085152,4.638479081410662,0,0,0
42.27089974738417,5.533487137300881,0,0,0
42.06284419108676,6.092994518274867,0,0,0
42.99238785898067,7.062004421986236,0,0,0
42.64134287384791,8.720647544653231,0,0,0
42.21030857509721,9.98330374886306,0,0,0
42.4994731493214,10.02211265117779,0,0,0
42.93313969459329,11.16357401517015,0,0,0
42.45273715252598,12.04124683373951,0,0,0
42.01258962114954,13.29005054723548,0,0,0
42.44707740121424,14.4863544524984,0,0,0
42.42087141141346,15.35193859199,0,0,0
42.68986744526464,16.10296774020906,0,0,0
42.0697720820469,17.33101428251787,0,0,0
42.27401779770714,18.19215289008658,0,0,0
42.98131762406602,19.33873710242698,0,0,0
43.98555970528706,0.196904692486319,0,0,0
43.32741690378883,1.668539223058886,0,0,0
43.78483410831026,2.21707081719735,0,0,0
43.95869132128541,3.490981739476694,0,0,0
43.51321136668076,4.473960730140183,0,0,0
43.17243081152376,5.054090577639222,0,0,0
43.40801070329773,6.55412553113157,0,0,0
43.50534715433169,7.34217287661004,0,0,0
43.90557108564453,8.956838866213777,0,0,0
43.39822900157355,9.467614266809704,0,0,0
43.6645238468177,10.50923364822809,0,0,0
43.21859750382804,11.83612290287629,0,0,0
43.43678236181765,12.18330919446898,0,0,0
43.27083753751198,13.4696785272967,0,0,0
43.90531372607208,14.69377393830458,0,0,0
43.14881249727031,15.1174255312871,0,0,0
43.88919864081584,16.64952878026383,0,0,0
43.86358655101105,17.33566164864104,0,0,0
43.80382054758014,18.47238928067434,0,0,0
43.20914160822124,19.0259468714269,0,0,0
44.98957883455717,0.04889296719505576,0,0,0
44.09604789985363,1.846024456988216,0,0,0
44.42885154100191,2.39309248578391,0,0,0
44.35887559720347,3.558756888298604,0,0,0
44.2190165029357,4.264949041950671,0,0,0
44.83665999965648,5.853248883077098,0,0,0
44.66895605277185,6.687731289544513,0,0,0
44.27896968323451,7.1340373684582,0,0,0
44.78326975482759,8.224047023653949,0,0,0
44.93026981811105,9.952175418347396,0,0,0
44.54903209706134,10.55953405115288,0,0,0
44.48048463851315,11.15190752502008,0,0,0
44.76908634798639,12.16683419121423,0,0,0
44.97838491700558,13.75115383855704,0,0,0
44.01634712851712,14.16809187915919,0,0,0
44.2852798232943,15.70801110640424,0,0,0
44.93396013671385,16.43101295395195,0,0,0
44.05038472418631,17.39774967317039,0,0,0
44.08641637939129,18.66660945426816,0,0,0
44.79380726084992,19.03477088444943,0,0,0
45.01238378839045,0.6725605359760896,0,0,0
45.76964466987065,1.888672213170491,0,0,0
45.14199071736796,2.746322420723779,0,0,0
45.95111259934519,3.751299569143817,0,0,0
45.74564615320558,4.707368850935637,0,0,0
45.13377773840022,5.794186922138589,0,0,0
45.28102003890724,6.819525686374558,0,0,0
45.2571818057794,7.802016896626604,0,0,0
45.95019791670201,8.978731795320098,0,0,0
45.53386080502531,9.068144727681341,0,0,0
45.7251824148651,10.84586931183644,0,0,0
45.53271752304266,11.54262971299953,0,0,0
45.5131763362944,12.47353191807221,0,0,0
45.36351273313812,13.80368117205387,0,0,0
45.10068419998488,14.21667859505685,0,0,0
45.50552543375714,15.53678400350871,0,0,0
45.9004511219938,16.33937247043525,0,0,0
45.33576392626789,17.6863390157433,0,0,0
45.84626611922794,18.8129586949032,0,0,0
45.71535645450696,19.3769903929156,0,0,0
46.70702721825153,0.813356803284277,0,0,0
46.54523943270106,1.0821403972598,0,0,0
46.72286631081757,2.070941996645642,0,0,0
46.75844562955448,3.102796128752258,0,0,0
46.84062918477338,4.983429718256494,0,0,0
46.58944589472839,5.445246637387651,0,0,0
46.79675612249091,6.139446312005793,0,0,0
46.37244097132545,7.40724780073323,0,0,0
46.97531789870153,8.633701026924397,0,0,0
46.7271607080394,9.713295087060228,0,0,0
46.0248437510704,10.71704324548759,0,0,0
46.09940628991579,11.4142015467104,0,0,0
46.75618996351743,12.54358353115381,0,0,0
46.79486441488736,13.98152231531984,0,0,0
46.14571382501101,14.31662839318076,0,0,0
46.58927338994285,15.3973118989535,0,0,0
46.91247596802685,16.26049341314323,0,0,0
46.69132503995512,17.3995906610272,0,0,0
46.53890767857953,18.38300541515541,0,0,0
46.65340054543459,19.17226971215979,0,0,0
47.18434204738263,0.7036277321759649,0,0,0
47.31413886530599,1.842690560489784,0,0,0
47.80491634473957,2.470223416255397,0,0,0
47.74386459814808,3.725147772720912,0,0,0
47.37746836452443,4.252924442364333,0,0,0
47.60028325880665,5.665370519092704,0,0,0
47.66235151182179,6.130659218183733,0,0,0
47.91714255241653,7.898567556087681,0,0,0
47.35239436295574,8.618013124467552,0,0,0
47.11007679698509,9.569100099882817,0,0,0
47.46466760264062,10.2373025933365,0,0,0
47.06534798009399,11.68917159067992,0,0,0
47.46451913055335,12.16872746980625,0,0,0
47.25731106203985,13.06180695486436,0,0,0
47.75099950291045,14.85036308241872,0,0,0
47.37520108131516,15.66698445255446,0,0,0
47.88668012956872,16.44135026746181,0,0,0
47.50085596333382,17.48125244747222,0,0,0
47.70234598780303,18.91519444834224,0,0,0
47.79715071127298,19.11504860815983,0,0,0
48.63544825178535,0.4768855206017449,0,0,0
48.14678176450438,1.524849897616379,0,0,0
48.22671757704316,2.166122236802528,0,0,0
48.36301610461248,3.780449957446913,0,0,0
48.27779788533329,4.057904046331196,0,0,0
48.21358801522804,5.155393763039209,0,0,0
48.15325452304622,6.682806912874183,0,0,0
48.30971175658535,7.16764496363769,0,0,0
48.42102096501628,8.424061453295435,0,0,0
48.89292742907558,9.346126250834484,0,0,0
48.65329954596793,10.91884138267345,0,0,0
48.18298422413322,11.36399600233156,0,0,0
48.34923906328361,12.77320344319031,0,0,0
48.39056411875792,13.29492703902775,0,0,0
48.47074826367167,14.69265566079975,0,0,0
48.4106324023907,15.57826934197749,0,0,0
48.64261288286706,16.45555637154179,0,0,0
48.16084164800229,17.29249231776256,0,0,0
48.00967708437364,18.63518898325141,0,0,0
48.6595964632743,19.02608038746093,0,0,0
49.77133641724271,0.7428670406793652,0,0,0
49.16251407998811,1.193275582361719,0,0,0
49.07554467664121,2.782266724127691,0,0,0
49.79197081203654,3.890825031746473,0,0,0
49.61483794291144,4.199097984832707,0,0,0
49.77725511366844,5.625755718911567,0,0,0
49.63603641451129,6.53473293023531,0,0,0
49.66644730972079,7.80049761286579,0,0,0
49.96084763298293,8.610210248103444,0,0,0
49.05933456176472,9.485822119260972,0,0,0
49.21496746780107,10.61650570768334,0,0,0
49.11918859370855,11.45074102988583,0,0,0
49.17341750607824,12.63399815861362,0,0,0
49.13755130451153,13.6251099261467,0,0,0
49.1158935425161,14.88098656514166,0,0,0
49.57869557858952,15.81244679828465,0,0,0
49.97459499777296,16.11529681235486,0,0,0
49.20460978978178,17.07967910466527,0,0,0
49.6175863854238,18.04748444248698,0,0,0
49.57702029219338,19.31348938832212,0,0,0
